file,gt,lgt,rgt,cls,pd,lpd,rpd,bg,E,ECa,ECb,ECE,ECP,DISP,SR,T,rank,pcls,match,pcls_prob,IoU,scaling,closest_redox
20230310_25000/E_1022_DISP_3619_T_50294_145248959_data,1,550.0,710.0,DISP,1,549.7119750976562,710.5470581054688,0.006,0.003,0.0,0.84,0.003,0.003,0.142,0.001,0.001,1,ECb,False,,0.0,0.31,798.0
20230310_20000/DISP_8890_141009365_data,1,191.0,409.0,DISP,1,186.98829650878903,418.27044677734375,0.004,0.004,0.0,0.942,0.003,0.004,0.042,0.0,0.001,0,ECb,False,,0.0,0.56,inf
20230310_5000/E_1261_DISP_1471_SR_1335_E_7416_123448431_data,1,304.0,405.0,DISP,1,304.1910095214844,406.2760925292969,0.006,0.003,0.0,0.927,0.003,0.003,0.057,0.001,0.001,1,ECb,False,,0.0,0.42,446.0
20230310_50000/T_4951_DISP_10052_EC_370_1819109_data,1,430.0,562.0,DISP,1,429.74853515625,559.2449951171875,0.069,0.002,0.0,0.918,0.002,0.002,0.007,0.0,0.0,1,ECb,False,,0.0,0.45,959.0
20230310_50000/T_2231_E_8236_ECE_10697_DISP_13000_18230429_data,1,120.0,304.0,E,1,122.81012725830078,304.59375,0.001,0.028,0.0,0.962,0.002,0.002,0.003,0.0,0.001,1,ECb,False,,0.0,0.44,152.0
20230310_30000/DISP_7260_DISP_7560_CE_985_SR_3294_154147733_data,1,85.0,223.0,DISP,1,84.0243911743164,220.99661254882807,0.001,0.001,0.969,0.0,0.002,0.002,0.024,0.0,0.0,0,ECa,False,,0.0,0.97,174.0
20230310_50000/T_2960_EC_852_181610671_data,1,337.0,912.0,ECa,1,322.8087158203125,908.8472900390624,0.006,0.741,0.017,0.159,0.043,0.003,0.019,0.005,0.006,1,E,False,,0.0,0.96,293.0
20230310_35000/T_8202_EC_3382_DISP_12917_ECE_9738_163212926_data,1,297.0,402.0,DISP,1,297.4276123046875,400.9287109375,0.004,0.003,0.712,0.0,0.004,0.003,0.272,0.001,0.001,2,ECa,False,,0.0,0.63,385.0
20230310_10000/E_723_SR_1384_ECE_10244_E_536_125840479_data,1,792.0,988.0,E,1,794.5830688476562,989.9008178710938,0.004,0.135,0.0,0.85,0.003,0.002,0.003,0.0,0.002,3,ECb,False,,0.0,0.79,37.0
20230310_60000/T_1530_EC_304_DISP_11109_195312605_data,1,675.0,897.0,DISP,1,676.3519897460938,890.0394897460938,0.18,0.005,0.784,0.0,0.007,0.005,0.016,0.001,0.001,2,ECa,False,,0.0,0.5,158.0
20230310_60000/E_7972_DISP_7222_SR_1994_ECE_1800_1939003_data,1,338.0,411.0,DISP,1,331.8392028808594,416.8323059082031,0.003,0.002,0.957,0.0,0.003,0.002,0.032,0.0,0.001,1,ECa,False,,0.0,0.23,37.0
20230310_80000/ECE_9085_SR_4249_SR_4132_EC_298_222539851_data,1,706.0,860.0,ECb,1,701.654052734375,859.025390625,0.004,0.003,0.001,0.142,0.002,0.001,0.843,0.003,0.001,3,DISP,False,,0.0,0.39,381.0
20230310_25000/E_460_CE_4970_EC_2695_E_7416_144436581_data,1,542.0,603.0,ECa,1,542.8300170898438,603.8056030273438,0.025,0.002,0.26,0.001,0.003,0.003,0.703,0.002,0.002,2,DISP,False,,0.0,0.87,290.0
20230310_15000/DISP_7804_DISP_3093_E_3005_132013439_data,1,484.0,599.0,DISP,1,482.4342956542969,596.6067504882812,0.001,0.002,0.0,0.952,0.002,0.002,0.042,0.0,0.0,1,ECb,False,,0.0,0.91,513.0
20230310_35000/T_5780_E_8410_DISP_8857_EC_3051_160830391_data,1,379.0,509.0,DISP,1,384.8862915039063,500.0771484375,0.015,0.003,0.765,0.0,0.004,0.004,0.205,0.002,0.001,2,ECa,False,,0.0,0.73,180.0
20230310_15000/EC_2660_ECE_3351_EC_1767_134046335_data,1,92.0,317.0,ECa,1,88.23961639404297,322.0140991210937,0.002,0.003,0.167,0.001,0.003,0.002,0.819,0.002,0.001,0,DISP,False,,0.0,0.29,779.0
20230310_65000/CE_3270_E_3187_E_4559_204433785_data,1,361.0,594.0,E,1,360.6474609375,598.5073852539062,0.001,0.197,0.001,0.78,0.007,0.004,0.007,0.001,0.003,1,ECb,False,,0.0,0.97,423.0
20230310_25000/E_12594_CE_333_ECE_12482_145705164_data,1,9.0,198.0,E,1,6.124725341796875,197.1537475585937,0.002,0.02,0.0,0.952,0.005,0.004,0.015,0.001,0.001,0,ECb,False,,0.0,0.24,788.0
20230310_25000/E_6240_DISP_4149_15082736_data,1,542.0,722.0,DISP,1,544.6415405273438,717.8113403320312,0.01,0.002,0.0,0.942,0.002,0.003,0.039,0.0,0.001,1,ECb,False,,0.0,0.57,802.0
20230310_20000/ECE_9162_EC_282_EC_110_CE_378_142953966_data,1,283.0,368.0,ECb,1,274.5265808105469,374.2815856933594,0.001,0.005,0.004,0.074,0.005,0.002,0.907,0.001,0.002,1,DISP,False,,0.0,0.33,163.0
20230310_30000/T_2943_DISP_12956_153048796_data,1,477.0,969.0,DISP,1,467.4832153320313,966.0557250976562,0.001,0.745,0.008,0.148,0.008,0.002,0.079,0.004,0.004,1,E,False,,0.0,0.54,493.0
20230310_15000/ECE_6403_ECE_3928_CE_4099_ECE_5595_13255094_data,1,853.0,959.0,ECE,1,845.4130859375,959.582275390625,0.001,0.925,0.009,0.013,0.044,0.0,0.003,0.002,0.002,3,E,False,,0.0,0.76,818.0
20230310_30000/E_5395_DISP_7842_E_2019_EC_1506_153339497_data,1,374.0,503.0,DISP,1,372.6631774902344,504.1811828613281,0.004,0.005,0.705,0.0,0.003,0.005,0.268,0.007,0.002,1,ECa,False,,0.0,0.84,607.0
20230310_30000/E_5395_DISP_7842_E_2019_EC_1506_153339497_data,1,862.0,936.0,ECa,1,847.4730224609375,937.8302001953124,0.008,0.004,0.048,0.003,0.002,0.002,0.924,0.006,0.003,3,DISP,False,,0.0,0.33,769.0
20230310_55000/DISP_12446_DISP_12228_ECE_12726_CE_1337_185206626_data,1,323.0,401.0,DISP,1,320.54473876953125,402.491455078125,0.003,0.002,0.987,0.0,0.001,0.002,0.005,0.0,0.0,1,ECa,False,,0.0,0.36,236.0
20230310_55000/EC_3027_EC_1084_SR_4227_184741991_data,1,493.0,598.0,ECa,1,490.7388000488281,600.3994140625,0.002,0.001,0.047,0.001,0.001,0.001,0.944,0.002,0.001,1,DISP,False,,0.0,0.72,602.0
20230310_40000/DISP_7318_DISP_2006_ECE_2306_165138830_data,1,130.0,249.0,DISP,1,127.1839599609375,252.18212890625,0.024,0.003,0.0,0.863,0.002,0.003,0.102,0.001,0.001,0,ECb,False,,0.0,0.79,81.0
20230310_20000/ECP_51468_ECE_8453_ECE_216_E_4540_140905608_data,1,811.0,974.0,E,1,801.9013061523438,974.6920776367188,0.001,0.174,0.0,0.808,0.009,0.002,0.003,0.0,0.002,3,ECb,False,,0.0,0.54,144.0
20230310_30000/ECP_10938_E_7665_E_1802_SR_345_152924728_data,1,570.0,755.0,E,1,568.168701171875,757.937255859375,0.004,0.066,0.0,0.916,0.005,0.002,0.004,0.0,0.002,2,ECb,False,,0.0,0.38,301.0
20230310_75000/EC_1856_215249786_data,1,48.0,534.0,ECa,1,43.27561950683594,542.2257690429688,0.001,0.002,0.139,0.001,0.004,0.002,0.848,0.002,0.001,0,DISP,False,,0.0,0.77,inf
20230310_45000/ECP_11217_CE_4792_DISP_666_T_50997_174154679_data,1,741.0,858.0,DISP,1,736.1649169921875,860.79150390625,0.002,0.002,0.0,0.932,0.003,0.003,0.057,0.0,0.001,2,ECb,False,,0.0,0.46,624.0
20230310_35000/EC_366_EC_2041_EC_2648_DISP_10864_162128604_data,1,222.0,338.0,ECa,1,230.0614318847656,330.5663146972656,0.003,0.003,0.015,0.01,0.002,0.002,0.961,0.002,0.001,0,DISP,False,,0.0,0.34,66.0
20230310_25000/ECP_50908_SR_3460_EC_491_DISP_10110_144600834_data,1,818.0,990.0,DISP,1,808.7099609375,992.6390380859376,0.001,0.167,0.0,0.817,0.005,0.003,0.005,0.001,0.002,3,ECb,False,,0.0,0.39,644.0
20230310_25000/CE_681_CE_1354_151123631_data,1,38.0,465.0,ECa,1,38.888916015625,448.0152893066406,0.004,0.02,0.001,0.929,0.007,0.005,0.031,0.001,0.002,0,ECb,False,,0.0,0.33,inf
20230310_60000/E_6325_ECE_3556_EC_267_193605953_data,1,774.0,975.0,ECa,1,772.0494384765625,975.405517578125,0.004,0.869,0.008,0.091,0.007,0.004,0.006,0.004,0.006,2,E,False,,0.0,0.83,406.0
20230310_70000/EC_47_E_285_EC_2807_ECE_8713_212432627_data,1,395.0,552.0,E,1,395.3439331054688,550.00146484375,0.001,0.012,0.0,0.965,0.004,0.002,0.014,0.0,0.001,1,ECb,False,,0.0,0.65,527.0
20230310_70000/EC_47_E_285_EC_2807_ECE_8713_212432627_data,1,626.0,689.0,ECb,1,625.1983642578125,690.2845458984375,0.004,0.001,0.005,0.004,0.001,0.001,0.984,0.001,0.001,2,DISP,False,,0.0,0.31,527.0
20230310_45000/CE_1416_EC_3123_DISP_4023_SR_4056_174813406_data,1,365.0,483.0,ECb,1,357.0011901855469,485.3354797363281,0.001,0.001,0.003,0.013,0.002,0.001,0.979,0.001,0.0,1,DISP,False,,0.0,0.57,43.0
20230310_30000/EC_2872_DISP_2304_DISP_27_DISP_8041_151950730_data,1,848.0,947.0,DISP,1,846.4259643554688,944.2123413085938,0.002,0.002,0.0,0.897,0.002,0.003,0.092,0.0,0.001,3,ECb,False,,0.0,0.24,863.0
20230310_70000/ECP_10142_E_4225_E_5424_EC_2733_20555447_data,1,542.0,724.0,E,1,538.4369506835938,724.2515258789062,0.001,0.055,0.0,0.927,0.008,0.003,0.004,0.0,0.001,2,ECb,False,,0.0,0.2,536.0
20230310_10000/ECE_4412_DISP_1223_ECE_5802_SR_1574_131519636_data,1,287.0,371.0,DISP,1,289.7880249023437,367.4613037109375,0.002,0.003,0.0,0.889,0.002,0.002,0.101,0.001,0.001,1,ECb,False,,0.0,0.48,193.0
20230310_15000/EC_2628_E_1001_DISP_2143_E_2769_135443444_data,1,611.0,687.0,DISP,1,608.07763671875,685.755126953125,0.012,0.003,0.0,0.935,0.003,0.002,0.043,0.001,0.001,2,ECb,False,,0.0,0.51,532.0
20230310_5000/EC_2338_EC_223_DISP_7226_ECE_5077_120707962_data,1,18.0,72.0,ECb,1,17.65751075744629,71.67923736572266,0.003,0.001,0.001,0.047,0.001,0.001,0.943,0.002,0.001,0,DISP,False,,0.0,0.79,432.0
20230310_25000/DISP_5266_CE_779_EC_2779_SR_3707_143946984_data,1,182.0,236.0,DISP,1,179.81739807128906,237.544662475586,0.003,0.002,0.941,0.0,0.006,0.001,0.044,0.0,0.001,0,ECa,False,,0.0,0.77,621.0
20230310_10000/EC_2998_131408535_data,1,250.0,902.0,ECa,1,254.66531372070312,911.3214111328124,0.003,0.818,0.076,0.022,0.058,0.002,0.012,0.003,0.006,0,E,False,,0.0,0.56,inf
20230310_5000/EC_134_E_12214_CE_4_121626510_data,1,381.0,745.0,E,1,382.38275146484375,743.7973022460938,0.005,0.065,0.0,0.902,0.01,0.002,0.011,0.001,0.003,1,ECb,False,,0.0,0.46,325.0
20230310_75000/DISP_5179_DISP_4418_CE_1297_214846447_data,1,532.0,628.0,DISP,1,530.8458251953125,629.201904296875,0.002,0.001,0.904,0.0,0.001,0.002,0.088,0.001,0.001,1,ECa,False,,0.0,0.25,994.0
20230310_75000/ECE_3079_DISP_4799_SR_2626_220935649_data,1,436.0,579.0,DISP,1,441.8268127441406,573.2474365234375,0.003,0.001,0.0,0.977,0.001,0.001,0.016,0.0,0.0,1,ECb,False,,0.0,0.76,138.0
20230310_70000/EC_2526_EC_2331_DISP_1588_SR_444_212013812_data,1,291.0,393.0,ECa,1,289.3186340332031,394.0600891113281,0.013,0.004,0.159,0.002,0.003,0.005,0.797,0.012,0.005,1,DISP,False,,0.0,0.4,377.0
20230310_35000/DISP_5406_CE_4509_CE_2479_DISP_11192_163350955_data,1,61.0,155.0,DISP,1,57.9067497253418,158.25576782226562,0.001,0.003,0.0,0.91,0.002,0.004,0.08,0.0,0.001,0,ECb,False,,0.0,0.4,351.0
20230310_20000/DISP_7255_140506405_data,1,315.0,568.0,DISP,1,311.49420166015625,571.8685302734375,0.005,0.006,0.0,0.885,0.005,0.003,0.094,0.001,0.002,0,ECb,False,,0.0,0.36,inf
20230310_45000/E_12554_SR_1694_DISP_8357_ECE_9378_174330322_data,1,588.0,698.0,DISP,1,587.3250732421875,700.714599609375,0.047,0.01,0.0,0.874,0.008,0.005,0.051,0.001,0.003,2,ECb,False,,0.0,0.32,177.0
20230310_55000/DISP_3074_E_5894_DISP_415_DISP_1413_184044414_data,1,106.0,208.0,DISP,1,103.2476043701172,208.2466278076172,0.004,0.002,0.0,0.884,0.002,0.003,0.105,0.0,0.001,0,ECb,False,,0.0,0.77,108.0
20230310_10000/E_2517_ECP_3898_124735327_data,1,76.0,546.0,E,1,64.9796142578125,558.52783203125,0.064,0.087,0.0,0.832,0.007,0.003,0.004,0.001,0.003,0,ECb,False,,0.0,0.52,inf
20230310_40000/DISP_2687_DISP_1932_E_3633_164526248_data,1,611.0,922.0,E,1,601.5690307617188,922.9417114257812,0.006,0.019,0.0,0.956,0.009,0.003,0.006,0.0,0.001,2,ECb,False,,0.0,0.31,20.0
20230310_40000/DISP_5724_DISP_801_171103242_data,1,631.0,789.0,DISP,1,627.5325927734375,792.728271484375,0.002,0.004,0.0,0.932,0.002,0.001,0.058,0.0,0.001,1,ECb,False,,0.0,0.25,698.0
20230310_10000/SR_1322_ECE_10959_CE_2483_E_1637_131025429_data,1,856.0,996.0,E,1,854.3334350585938,998.3753051757812,0.001,0.008,0.0,0.987,0.001,0.001,0.001,0.0,0.0,3,ECb,False,,0.0,0.86,815.0
20230310_25000/EC_2299_DISP_1374_E_4303_SR_4492_150917804_data,1,155.0,267.0,ECa,1,154.08572387695312,269.8050537109375,0.001,0.002,0.178,0.001,0.004,0.002,0.808,0.001,0.001,0,DISP,False,,0.0,0.24,636.0
20230310_10000/DISP_1620_E_1742_DISP_7091_124330632_data,1,706.0,807.0,DISP,1,703.1683959960938,809.4458618164062,0.003,0.002,0.0,0.762,0.003,0.002,0.226,0.001,0.001,2,ECb,False,,0.0,0.62,546.0
20230310_70000/SR_3726_E_7454_DISP_8640_ECP_51150_211758833_data,1,551.0,663.0,DISP,1,550.3942260742188,662.2194213867188,0.001,0.004,0.0,0.851,0.004,0.002,0.137,0.001,0.001,2,ECb,False,,0.0,0.37,248.0
20230310_25000/DISP_4681_DISP_513_ECE_7382_ECE_6381_145525862_data,1,5.0,37.0,DISP,1,5.409096717834473,34.33232116699219,0.028,0.003,0.0,0.706,0.003,0.003,0.253,0.001,0.002,0,ECb,False,,0.0,0.34,194.0
20230310_70000/EC_1680_EC_3295_205929367_data,1,162.0,286.0,ECa,1,158.10247802734375,287.6438903808594,0.021,0.002,0.195,0.001,0.002,0.003,0.771,0.003,0.002,0,DISP,False,,0.0,0.26,inf
20230310_65000/DISP_930_EC_1597_DISP_3339_EC_2543_203513833_data,1,599.0,674.0,DISP,1,596.2132568359375,676.7899169921875,0.001,0.003,0.0,0.803,0.003,0.002,0.187,0.0,0.001,2,ECb,False,,0.0,0.62,328.0
20230310_40000/DISP_6566_170939129_data,1,349.0,623.0,DISP,1,351.17742919921875,621.1126098632812,0.007,0.003,0.0,0.938,0.002,0.002,0.046,0.0,0.001,0,ECb,False,,0.0,0.89,inf
20230310_5000/T_8768_DISP_12945_ECP_52317_122319467_data,1,280.0,501.0,DISP,1,273.3117980957031,509.0085754394531,0.001,0.003,0.0,0.943,0.003,0.002,0.047,0.0,0.001,1,ECb,False,,0.0,0.35,385.0
20230310_60000/EC_2629_ECP_704_20054632_data,1,212.0,624.0,ECa,1,208.3307342529297,621.4307250976562,0.002,0.001,0.101,0.001,0.001,0.001,0.891,0.001,0.001,0,DISP,False,,0.0,0.97,inf
20230310_75000/ECE_6317_SR_756_DISP_315_DISP_3788_215356564_data,1,589.0,706.0,DISP,1,585.68017578125,710.7523193359375,0.006,0.006,0.796,0.0,0.004,0.004,0.176,0.005,0.003,2,ECa,False,,0.0,0.34,272.0
20230310_5000/T_6818_EC_431_EC_3316_12321186_data,1,218.0,548.0,ECa,1,218.94601440429688,547.75048828125,0.008,0.742,0.227,0.002,0.012,0.001,0.004,0.001,0.003,1,E,False,,0.0,0.87,238.0
20230310_65000/E_10406_EC_165_EC_3363_203437716_data,1,536.0,671.0,ECa,1,537.895263671875,669.793701171875,0.001,0.001,0.018,0.002,0.002,0.001,0.974,0.001,0.001,1,DISP,False,,0.0,0.57,843.0
20230310_60000/DISP_769_194812744_data,1,92.0,282.0,DISP,1,87.52716827392578,286.8046569824219,0.013,0.005,0.0,0.763,0.006,0.003,0.207,0.001,0.001,0,ECb,False,,0.0,0.34,inf
20230310_80000/DISP_6410_SR_4812_SR_3164_224128854_data,1,233.0,391.0,DISP,1,233.9515991210937,391.3427734375,0.001,0.004,0.0,0.773,0.002,0.001,0.217,0.0,0.001,0,ECb,False,,0.0,0.2,669.0
20230310_50000/ECP_446_SR_2751_DISP_10272_180007308_data,1,836.0,959.0,DISP,1,835.4299926757812,956.6985473632812,0.003,0.002,0.732,0.0,0.003,0.004,0.253,0.002,0.001,2,ECa,False,,0.0,0.35,178.0
20230310_45000/DISP_2533_ECE_1980_ECE_652_E_209_174706886_data,1,78.0,170.0,DISP,1,77.84123229980469,167.3926544189453,0.006,0.005,0.0,0.762,0.004,0.003,0.215,0.001,0.002,0,ECb,False,,0.0,0.95,344.0
20230310_35000/CE_543_T_50989_161438343_data,1,66.0,762.0,ECa,1,67.7255859375,748.5130615234375,0.002,0.759,0.008,0.175,0.017,0.002,0.027,0.003,0.006,0,E,False,,0.0,0.59,inf
20230310_60000/DISP_12640_193936950_data,1,324.0,691.0,DISP,1,328.8712158203125,697.52099609375,0.003,0.003,0.0,0.903,0.004,0.003,0.082,0.0,0.001,0,ECb,False,,0.0,0.51,inf
20230310_15000/DISP_12468_SR_2406_ECE_2063_134832104_data,1,136.0,286.0,DISP,1,135.379150390625,283.1338195800781,0.008,0.005,0.0,0.735,0.005,0.003,0.24,0.002,0.002,0,ECb,False,,0.0,0.35,223.0
20230310_70000/T_1861_ECE_9872_CE_1322_DISP_8111_21101318_data,1,705.0,810.0,DISP,1,703.2206420898438,813.8327026367188,0.001,0.001,0.0,0.978,0.001,0.002,0.016,0.0,0.0,3,ECb,False,,0.0,0.99,20.0
20230310_60000/ECP_7748_ECE_5883_E_4820_E_1724_19350055_data,1,836.0,994.0,E,1,834.1988525390625,995.912109375,0.001,0.072,0.0,0.91,0.004,0.006,0.005,0.0,0.002,3,ECb,False,,0.0,0.78,421.0
20230310_50000/CE_4329_EC_7_T_50978_1820032_data,1,506.0,633.0,ECa,1,506.1643981933594,635.701171875,0.004,0.001,0.051,0.001,0.002,0.002,0.934,0.003,0.002,1,DISP,False,,0.0,0.87,241.0
20230310_80000/EC_3212_ECE_11502_EC_1651_223814158_data,1,742.0,877.0,ECa,1,739.5530395507812,878.3316040039062,0.006,0.001,0.043,0.001,0.001,0.001,0.944,0.001,0.001,2,DISP,False,,0.0,0.76,424.0
20230310_40000/T_7238_EC_438_EC_3296_DISP_10775_170203588_data,1,190.0,300.0,ECa,1,188.0609436035156,300.1639709472656,0.002,0.001,0.007,0.002,0.001,0.0,0.985,0.001,0.0,1,DISP,False,,0.0,0.25,200.0
20230310_45000/DISP_4135_EC_2695_EC_2465_175319270_data,1,408.0,480.0,ECa,1,404.1147766113281,483.4231262207031,0.002,0.001,0.119,0.002,0.002,0.003,0.867,0.002,0.001,1,DISP,False,,0.0,0.76,30.0
20230310_15000/EC_883_E_6969_134614751_data,1,538.0,812.0,E,1,537.223876953125,811.3988037109375,0.002,0.168,0.001,0.807,0.007,0.004,0.008,0.001,0.002,1,ECb,False,,0.0,0.7,586.0
20230310_20000/SR_4463_ECE_8347_E_3175_DISP_7470_135903988_data,1,758.0,977.0,DISP,1,758.1732177734375,978.190673828125,0.001,0.007,0.0,0.983,0.003,0.002,0.005,0.0,0.001,3,ECb,False,,0.0,0.86,56.0
20230310_30000/SR_1261_EC_1739_E_5256_154301307_data,1,485.0,646.0,ECa,1,485.2975463867188,646.3899536132812,0.003,0.002,0.284,0.001,0.003,0.003,0.701,0.002,0.001,1,DISP,False,,0.0,0.53,771.0
20230310_80000/E_10266_DISP_12468_DISP_12500_EC_821_222504443_data,1,359.0,442.0,DISP,1,356.91168212890625,442.63323974609375,0.002,0.003,0.0,0.843,0.003,0.002,0.145,0.001,0.001,1,ECb,False,,0.0,0.64,622.0
20230310_25000/DISP_4074_SR_3681_T_50240_144533719_data,1,143.0,360.0,DISP,1,143.9271240234375,362.9158630371094,0.004,0.002,0.0,0.976,0.002,0.003,0.013,0.0,0.0,0,ECb,False,,0.0,0.49,37.0
20230310_20000/CE_3987_E_1486_CE_2461_E_4540_141503560_data,1,835.0,977.0,E,1,829.2647705078125,976.3831787109376,0.003,0.246,0.0,0.734,0.007,0.002,0.004,0.002,0.002,3,ECb,False,,0.0,0.24,497.0
20230310_30000/ECE_8541_EC_3342_DISP_9325_DISP_1585_151935972_data,1,365.0,499.0,ECb,1,365.60162353515625,498.231689453125,0.001,0.002,0.001,0.107,0.003,0.001,0.883,0.001,0.001,1,DISP,False,,0.0,0.71,44.0
20230310_80000/ECP_9238_EC_634_E_12754_221616782_data,1,755.0,997.0,E,1,742.9488525390625,1000.0,0.001,0.01,0.0,0.982,0.002,0.002,0.002,0.0,0.001,2,ECb,False,,0.0,0.4,754.0
20230310_5000/DISP_10893_DISP_8084_SR_4971_SR_4326_124015563_data,1,139.0,257.0,DISP,1,136.16055297851562,258.0885009765625,0.005,0.007,0.0,0.812,0.005,0.003,0.164,0.002,0.002,0,ECb,False,,0.0,0.76,103.0
20230310_30000/EC_3184_DISP_11863_EC_821_E_11030_154657798_data,1,861.0,993.0,E,1,856.7302856445312,995.3078002929688,0.003,0.258,0.0,0.73,0.002,0.002,0.003,0.001,0.002,3,ECb,False,,0.0,0.95,632.0
20230310_70000/EC_2578_CE_4876_212333259_data,1,711.0,974.0,ECb,1,718.3583374023438,973.0972290039062,0.001,0.953,0.002,0.037,0.002,0.001,0.001,0.001,0.002,1,E,False,,0.0,0.53,1.0
20230310_20000/E_6285_E_6444_140329799_data,1,529.0,987.0,E,1,537.5592651367188,989.8873901367188,0.008,0.038,0.0,0.942,0.004,0.003,0.003,0.0,0.002,1,ECb,False,,0.0,0.23,133.0
20230310_30000/DISP_3243_EC_2002_EC_2578_SR_3440_152728748_data,1,223.0,289.0,ECa,1,217.85137939453125,294.95660400390625,0.007,0.001,0.038,0.002,0.002,0.001,0.947,0.002,0.001,1,DISP,False,,0.0,0.85,122.0
20230310_10000/ECE_8319_DISP_10387_ECE_1307_130414138_data,1,475.0,572.0,DISP,1,474.0855712890625,573.44091796875,0.001,0.003,0.0,0.938,0.003,0.004,0.051,0.0,0.001,1,ECb,False,,0.0,0.36,971.0
20230310_25000/EC_1954_EC_3053_ECE_4834_CE_506_15075364_data,1,9.0,114.0,ECb,1,7.390449523925781,113.6155014038086,0.006,0.849,0.002,0.125,0.006,0.002,0.002,0.006,0.003,0,E,False,,0.0,0.99,943.0
20230310_25000/DISP_8221_EC_1125_EC_594_DISP_4833_151152724_data,1,848.0,984.0,DISP,1,847.8675537109375,982.7486572265624,0.001,0.981,0.002,0.008,0.001,0.0,0.003,0.002,0.001,3,E,False,,0.0,0.21,855.0
20230310_80000/ECP_11756_ECE_3896_EC_1783_DISP_2970_223146429_data,1,854.0,945.0,DISP,1,855.6740112304688,940.9153442382812,0.002,0.004,0.0,0.776,0.004,0.002,0.21,0.001,0.001,3,ECb,False,,0.0,0.5,801.0
20230310_55000/ECE_4274_DISP_12867_DISP_6041_191708392_data,1,759.0,870.0,DISP,1,758.7042846679688,871.3063354492188,0.058,0.004,0.812,0.0,0.011,0.005,0.106,0.002,0.003,2,ECa,False,,0.0,0.27,100.0
20230310_20000/ECP_10344_DISP_892_T_50939_142932434_data,1,607.0,799.0,DISP,1,591.5947265625,815.6331787109375,0.009,0.005,0.0,0.832,0.003,0.003,0.146,0.001,0.001,1,ECb,False,,0.0,0.42,571.0
20230310_75000/SR_2690_EC_1737_ECE_4696_T_50729_215836208_data,1,344.0,496.0,ECa,1,346.065185546875,490.4222412109375,0.005,0.003,0.185,0.002,0.003,0.003,0.796,0.002,0.002,1,DISP,False,,0.0,0.71,26.0
20230310_20000/EC_267_E_4228_DISP_7070_143236928_data,1,375.0,603.0,E,1,371.7528991699219,614.838623046875,0.002,0.025,0.0,0.963,0.003,0.002,0.003,0.0,0.001,1,ECb,False,,0.0,0.43,723.0
20230310_50000/EC_746_DISP_9530_ECE_10822_SR_1790_181114275_data,1,348.0,446.0,DISP,1,355.0194702148437,436.3985595703125,0.019,0.007,0.001,0.792,0.005,0.007,0.164,0.002,0.004,1,ECb,False,,0.0,0.4,310.0
20230310_70000/E_4994_DISP_1471_212009620_data,1,374.0,547.0,DISP,1,372.1773681640625,551.8575439453125,0.001,0.004,0.0,0.923,0.004,0.002,0.066,0.0,0.001,1,ECb,False,,0.0,0.38,213.0
20230310_25000/CE_5755_EC_1838_EC_2807_143814891_data,1,451.0,547.0,ECa,1,449.8776245117188,549.3721313476562,0.0,0.001,0.031,0.002,0.002,0.001,0.962,0.001,0.0,1,DISP,False,,0.0,0.62,67.0
20230310_10000/DISP_4495_DISP_10748_EC_424_DISP_2052_131858859_data,1,140.0,268.0,DISP,1,136.63388061523438,272.52520751953125,0.004,0.002,0.0,0.942,0.001,0.002,0.049,0.0,0.001,0,ECb,False,,0.0,0.26,136.0
20230310_25000/T_50555_DISP_2391_ECP_11977_15044418_data,1,346.0,520.0,DISP,1,346.6702575683594,523.7708740234375,0.067,0.005,0.001,0.787,0.008,0.006,0.123,0.001,0.002,1,ECb,False,,0.0,0.64,636.0
20230310_45000/DISP_8742_EC_2013_DISP_8814_SR_70_173156923_data,1,63.0,163.0,DISP,1,62.28773498535156,159.14837646484375,0.002,0.003,0.0,0.907,0.002,0.002,0.084,0.0,0.001,0,ECb,False,,0.0,0.23,149.0
20230310_35000/EC_3346_155626458_data,1,365.0,974.0,ECa,1,366.0379333496094,979.2320556640624,0.004,0.811,0.018,0.11,0.026,0.003,0.02,0.003,0.006,0,E,False,,0.0,1.0,inf
20230310_20000/DISP_3069_DISP_8797_E_8609_EC_2361_141217138_data,1,180.0,317.0,DISP,1,178.62893676757812,317.3197937011719,0.0,0.001,0.984,0.0,0.002,0.001,0.011,0.0,0.0,1,ECa,False,,0.0,0.86,92.0
20230310_30000/ECP_51478_DISP_11477_151624361_data,1,340.0,592.0,DISP,1,343.2198791503906,584.304931640625,0.002,0.004,0.0,0.814,0.004,0.003,0.171,0.001,0.001,1,ECb,False,,0.0,0.52,170.0
20230310_80000/ECE_2135_CE_4876_223615317_data,1,707.0,974.0,ECb,1,714.1722412109375,971.607177734375,0.001,0.981,0.003,0.01,0.002,0.0,0.001,0.001,0.001,1,E,False,,0.0,0.9,653.0
20230310_70000/T_9711_EC_613_CE_1427_DISP_10857_211733702_data,1,770.0,878.0,DISP,1,767.5156860351562,881.1726684570312,0.003,0.002,0.754,0.0,0.002,0.003,0.231,0.002,0.002,3,ECa,False,,0.0,0.33,639.0
20230310_10000/ECP_50069_EC_1138_125036486_data,1,612.0,813.0,ECb,1,609.61328125,819.2213134765625,0.002,0.006,0.002,0.217,0.005,0.003,0.761,0.003,0.002,1,DISP,False,,0.0,0.34,984.0
20230310_25000/EC_3376_EC_2260_EC_2521_151022355_data,1,155.0,276.0,ECa,1,151.6885223388672,277.0460510253906,0.008,0.001,0.213,0.001,0.002,0.002,0.771,0.001,0.001,0,DISP,False,,0.0,0.72,575.0
20230310_10000/EC_486_T_8490_125708911_data,1,122.0,531.0,ECa,1,121.2301025390625,539.9903564453125,0.001,0.002,0.065,0.003,0.003,0.002,0.92,0.002,0.001,0,DISP,False,,0.0,0.58,inf
20230310_50000/ECP_51126_DISP_3909_ECE_8343_ECE_5171_181358665_data,1,263.0,350.0,DISP,1,260.0140991210937,351.47625732421875,0.0,0.001,0.969,0.0,0.002,0.002,0.026,0.0,0.0,1,ECa,False,,0.0,0.86,304.0
20230310_40000/SR_1690_DISP_4269_164507732_data,1,757.0,940.0,DISP,1,748.1778564453125,940.710205078125,0.003,0.003,0.709,0.001,0.007,0.004,0.27,0.001,0.001,1,ECa,False,,0.0,0.2,108.0
20230310_25000/DISP_2287_EC_1251_EC_2635_145410134_data,1,96.0,197.0,DISP,1,91.46095275878906,200.1973419189453,0.01,0.003,0.0,0.75,0.004,0.002,0.229,0.001,0.001,0,ECb,False,,0.0,0.41,208.0
20230310_30000/E_2956_ECE_12893_DISP_5231_EC_1634_154703867_data,1,17.0,226.0,E,1,15.0318603515625,234.0087890625,0.007,0.136,0.003,0.779,0.008,0.018,0.039,0.003,0.007,0,ECb,False,,0.0,0.42,814.0
20230310_75000/E_7291_SR_2946_EC_890_ECE_209_21440414_data,1,13.0,161.0,E,1,10.88860321044922,168.45779418945312,0.004,0.027,0.0,0.942,0.002,0.008,0.015,0.001,0.002,0,ECb,False,,0.0,0.77,326.0
20230310_35000/DISP_7781_E_7256_DISP_606_163951584_data,1,44.0,133.0,DISP,1,42.90869140625,136.04698181152344,0.001,0.003,0.0,0.833,0.003,0.003,0.156,0.0,0.001,0,ECb,False,,0.0,0.52,397.0
20230310_35000/DISP_7781_E_7256_DISP_606_163951584_data,1,571.0,717.0,DISP,1,567.1237182617188,724.4008178710938,0.0,0.002,0.0,0.988,0.002,0.001,0.006,0.0,0.0,2,ECb,False,,0.0,0.33,560.0
20230310_25000/ECE_1296_EC_267_EC_1021_143945494_data,1,441.0,603.0,ECb,1,441.7713012695313,601.5089721679688,0.001,0.962,0.003,0.023,0.005,0.0,0.002,0.002,0.002,1,E,False,,0.0,0.61,891.0
20230310_30000/T_7321_DISP_12259_EC_2884_153113722_data,1,759.0,924.0,ECa,1,755.7784423828125,928.03955078125,0.001,0.002,0.21,0.002,0.006,0.002,0.774,0.001,0.001,2,DISP,False,,0.0,0.53,89.0
20230310_60000/DISP_12907_EC_2880_T_50608_194610303_data,1,43.0,132.0,DISP,1,41.06216430664063,136.03697204589844,0.003,0.003,0.0,0.897,0.002,0.003,0.092,0.0,0.001,0,ECb,False,,0.0,0.3,831.0
20230310_30000/EC_784_153551626_data,1,374.0,930.0,ECa,1,377.5806884765625,930.4837646484376,0.002,0.886,0.007,0.073,0.02,0.001,0.005,0.002,0.004,0,E,False,,0.0,0.47,inf
20230310_80000/ECP_10596_ECE_2700_ECE_3028_ECE_4062_223453288_data,1,567.0,683.0,ECE,1,563.2837524414062,688.4406127929688,0.006,0.002,0.032,0.004,0.004,0.001,0.947,0.002,0.001,2,DISP,False,,0.0,0.77,67.0
20230310_70000/E_3885_EC_1016_E_1899_T_51043_212506253_data,1,3.0,201.0,E,1,4.047554016113281,203.7391967773437,0.001,0.02,0.0,0.966,0.005,0.002,0.005,0.0,0.001,0,ECb,False,,0.0,0.21,481.0
20230310_15000/EC_1922_134647283_data,1,371.0,893.0,ECa,1,385.6472473144531,892.8662109375,0.001,0.002,0.158,0.001,0.003,0.002,0.83,0.002,0.001,0,DISP,False,,0.0,0.94,inf
20230310_35000/E_6269_EC_1538_ECE_6290_E_733_160216575_data,1,819.0,995.0,E,1,825.1383056640625,996.5567626953124,0.003,0.018,0.0,0.969,0.002,0.004,0.002,0.0,0.002,3,ECb,False,,0.0,0.32,336.0
20230310_50000/T_5399_EC_731_SR_4247_ECP_11991_181329487_data,1,131.0,258.0,ECb,1,128.8775634765625,254.50808715820312,0.027,0.003,0.003,0.123,0.004,0.002,0.834,0.001,0.003,1,DISP,False,,0.0,0.59,359.0
20230310_40000/DISP_6347_EC_1945_E_7671_DISP_5080_170523310_data,1,815.0,900.0,DISP,1,812.9522094726562,900.8368530273438,0.002,0.002,0.719,0.0,0.003,0.003,0.268,0.001,0.001,3,ECa,False,,0.0,0.3,923.0
20230310_80000/SR_1097_EC_1380_SR_2514_E_7477_222052338_data,1,827.0,980.0,E,1,824.9988403320312,982.8627319335938,0.002,0.154,0.0,0.83,0.005,0.002,0.003,0.001,0.002,3,ECb,False,,0.0,0.2,312.0
20230310_25000/ECE_8856_E_9724_EC_740_150710179_data,1,419.0,624.0,E,1,418.3194580078125,623.3419189453125,0.002,0.01,0.0,0.972,0.004,0.004,0.007,0.0,0.001,1,ECb,False,,0.0,0.45,133.0
20230310_70000/E_6686_DISP_1531_211839105_data,1,653.0,781.0,DISP,1,653.1950073242188,783.8865356445312,0.007,0.003,0.0,0.958,0.002,0.002,0.027,0.0,0.001,1,ECb,False,,0.0,0.24,537.0
20230310_70000/CE_3382_ECE_2844_SR_4257_DISP_11427_210827880_data,1,785.0,887.0,DISP,1,786.4154663085938,886.2250366210938,0.021,0.003,0.0,0.739,0.004,0.004,0.226,0.001,0.002,3,ECb,False,,0.0,0.26,220.0
20230310_65000/SR_3489_DISP_1431_203247881_data,1,664.0,852.0,DISP,1,663.5823974609375,855.815185546875,0.001,0.003,0.0,0.954,0.002,0.002,0.037,0.0,0.001,1,ECb,False,,0.0,0.2,586.0
20230310_70000/SR_2715_EC_1236_ECE_5602_CE_3709_205506573_data,1,221.0,429.0,ECa,1,219.93258666992188,432.1120910644531,0.001,0.97,0.001,0.021,0.002,0.0,0.001,0.002,0.001,1,E,False,,0.0,0.35,97.0
20230310_5000/ECP_50406_SR_4609_DISP_6445_CE_2621_121600633_data,1,308.0,431.0,DISP,1,311.5859375,427.035888671875,0.001,0.002,0.882,0.0,0.002,0.002,0.108,0.001,0.001,2,ECa,False,,0.0,0.37,388.0
20230310_40000/ECE_11920_E_11265_165652776_data,1,681.0,996.0,E,1,685.5838012695312,1000.0,0.003,0.172,0.0,0.815,0.003,0.002,0.003,0.001,0.002,1,ECb,False,,0.0,0.89,11.0
20230310_25000/DISP_9314_ECE_6795_EC_1444_EC_1591_151222317_data,1,199.0,328.0,DISP,1,202.0827178955078,321.4638061523437,0.002,0.005,0.0,0.846,0.003,0.002,0.141,0.0,0.001,0,ECb,False,,0.0,0.9,376.0
20230310_80000/SR_204_DISP_12907_EC_1198_22353433_data,1,496.0,588.0,DISP,1,495.29388427734375,586.6148071289062,0.004,0.004,0.0,0.737,0.004,0.003,0.245,0.001,0.001,1,ECb,False,,0.0,0.94,741.0
20230310_35000/SR_4550_DISP_3768_EC_1436_163821424_data,1,385.0,590.0,DISP,1,372.5181579589844,592.63916015625,0.004,0.002,0.725,0.0,0.002,0.003,0.261,0.001,0.001,1,ECa,False,,0.0,0.21,229.0
20230310_10000/DISP_335_E_331_131347866_data,1,127.0,427.0,DISP,1,126.14167785644533,425.0808715820313,0.019,0.005,0.0,0.812,0.004,0.004,0.153,0.001,0.002,0,ECb,False,,0.0,0.52,inf
20230310_15000/EC_923_132243799_data,1,311.0,621.0,ECa,1,314.1302185058594,618.154541015625,0.001,0.001,0.093,0.001,0.002,0.001,0.901,0.001,0.0,0,DISP,False,,0.0,0.95,inf
20230310_60000/EC_921_EC_20_DISP_8054_T_78_200639226_data,1,342.0,531.0,ECa,1,346.1464233398437,533.7748413085938,0.002,0.002,0.158,0.001,0.002,0.002,0.83,0.002,0.001,1,DISP,False,,0.0,0.2,515.0
20230310_80000/T_50605_DISP_12716_223944537_data,1,320.0,517.0,DISP,1,314.5935974121094,520.1826171875,0.008,0.003,0.0,0.755,0.005,0.002,0.226,0.001,0.001,1,ECb,False,,0.0,0.41,561.0
20230310_55000/ECE_10742_DISP_5597_184839256_data,1,569.0,749.0,DISP,1,565.3055419921875,760.1923828125,0.001,0.002,0.0,0.972,0.003,0.002,0.02,0.0,0.0,1,ECb,False,,0.0,0.38,213.0
20230310_5000/CE_1059_DISP_10018_CE_5243_121829317_data,1,4.0,166.0,ECa,1,2.1686248779296875,167.52903747558594,0.005,0.726,0.233,0.002,0.013,0.002,0.006,0.009,0.005,0,E,False,,0.0,1.0,902.0
20230310_15000/DISP_569_132604130_data,1,249.0,783.0,DISP,1,244.2582092285156,785.36962890625,0.002,0.003,0.0,0.711,0.002,0.002,0.278,0.001,0.001,0,ECb,False,,0.0,0.77,inf
20230310_25000/ECP_4908_EC_2002_EC_2758_144619913_data,1,263.0,376.0,ECa,1,256.8821716308594,377.7748718261719,0.01,0.001,0.02,0.002,0.002,0.001,0.962,0.001,0.001,1,DISP,False,,0.0,0.7,376.0
20230310_20000/ECP_10344_EC_2095_EC_215_ECE_5345_14131085_data,1,270.0,387.0,ECa,1,267.3723449707031,389.8200378417969,0.014,0.002,0.161,0.001,0.002,0.002,0.813,0.003,0.002,1,DISP,False,,0.0,0.89,664.0
20230310_20000/ECP_10344_EC_2095_EC_215_ECE_5345_14131085_data,1,500.0,564.0,ECb,1,497.7112731933594,566.0298461914062,0.0,0.001,0.003,0.009,0.001,0.001,0.984,0.001,0.0,2,DISP,False,,0.0,0.51,664.0
20230310_20000/DISP_3484_142456653_data,1,319.0,693.0,DISP,1,317.58404541015625,692.3441162109375,0.001,0.002,0.0,0.752,0.002,0.001,0.242,0.0,0.001,0,ECb,False,,0.0,0.78,inf
20230310_50000/EC_618_DISP_12601_ECP_11991_181526116_data,1,98.0,301.0,ECb,1,95.58541870117188,302.7174987792969,0.012,0.005,0.003,0.092,0.003,0.002,0.875,0.005,0.002,0,DISP,False,,0.0,0.33,732.0
20230310_35000/DISP_2599_DISP_4241_EC_2802_163901191_data,1,69.0,214.0,DISP,1,71.64376068115234,216.28927612304688,0.017,0.005,0.0,0.837,0.003,0.002,0.133,0.001,0.002,0,ECb,False,,0.0,0.99,22.0
20230310_55000/ECE_8833_EC_1651_191841795_data,1,693.0,854.0,ECa,1,691.8693237304688,854.0625610351562,0.004,0.002,0.114,0.002,0.004,0.003,0.866,0.003,0.001,1,DISP,False,,0.0,0.57,887.0
20230310_45000/DISP_232_ECP_50908_175902129_data,1,152.0,364.0,DISP,1,144.6632080078125,376.7423095703125,0.015,0.003,0.0,0.732,0.003,0.002,0.243,0.001,0.001,0,ECb,False,,0.0,0.36,inf
20230310_70000/E_7651_213154533_data,1,150.0,962.0,E,1,153.20993041992188,915.050537109375,0.099,0.092,0.001,0.776,0.02,0.002,0.005,0.001,0.004,0,ECb,False,,0.0,0.82,inf
20230310_15000/DISP_2999_ECP_51836_133210337_data,1,281.0,516.0,DISP,1,284.4111633300781,513.4860229492188,0.056,0.018,0.001,0.853,0.006,0.003,0.06,0.001,0.003,0,ECb,False,,0.0,0.77,inf
20230310_10000/CE_278_EC_2998_EC_3243_EC_185_130611168_data,1,280.0,451.0,ECb,1,275.7924194335937,444.08203125,0.004,0.026,0.018,0.059,0.853,0.0,0.035,0.0,0.004,1,ECE,False,,0.0,0.27,156.0
20230310_5000/DISP_4335_DISP_10235_CE_119_E_4557_122157581_data,1,22.0,217.0,DISP,1,21.87109375,218.76119995117188,0.001,0.966,0.005,0.015,0.004,0.0,0.005,0.002,0.002,0,E,False,,0.0,0.53,846.0
20230310_70000/DISP_11972_DISP_10157_E_11272_E_11951_210315634_data,1,372.0,436.0,DISP,1,368.3922119140625,440.85833740234375,0.003,0.006,0.0,0.75,0.003,0.004,0.229,0.001,0.003,1,ECb,False,,0.0,0.77,342.0
20230310_65000/ECE_64_DISP_3986_201003836_data,1,509.0,614.0,DISP,1,505.2879028320313,614.4514770507812,0.001,0.002,0.0,0.96,0.002,0.002,0.032,0.0,0.0,1,ECb,False,,0.0,0.37,136.0
20230310_50000/DISP_2386_E_502_DISP_7886_ECE_4580_180303274_data,1,12.0,133.0,DISP,1,10.538230895996094,135.50308227539062,0.003,0.965,0.008,0.007,0.002,0.0,0.008,0.003,0.003,0,E,False,,0.0,0.6,947.0
20230310_75000/E_2959_DISP_1531_T_50853_214305164_data,1,571.0,725.0,DISP,1,560.764404296875,738.9696044921875,0.003,0.001,0.0,0.979,0.002,0.002,0.013,0.0,0.0,1,ECb,False,,0.0,0.91,199.0
20230310_45000/DISP_11786_SR_4511_T_50292_175051640_data,1,202.0,368.0,DISP,1,210.88449096679688,357.2924499511719,0.005,0.006,0.0,0.897,0.013,0.004,0.07,0.0,0.004,0,ECb,False,,0.0,0.38,27.0
20230310_40000/DISP_443_165114184_data,1,178.0,405.0,DISP,1,179.87359619140625,407.7132568359375,0.018,0.006,0.0,0.777,0.004,0.002,0.19,0.0,0.002,0,ECb,False,,0.0,0.63,inf
20230310_50000/EC_991_DISP_11266_181824536_data,1,426.0,566.0,DISP,1,423.7249145507813,563.4755249023438,0.027,0.003,0.0,0.763,0.004,0.003,0.199,0.001,0.001,1,ECb,False,,0.0,0.73,145.0
20230310_70000/CE_1917_DISP_6226_DISP_11842_T_50212_211751772_data,1,709.0,855.0,DISP,1,704.4256591796875,857.9659423828125,0.007,0.023,0.001,0.702,0.005,0.002,0.256,0.002,0.002,2,ECb,False,,0.0,0.71,199.0
20230310_55000/EC_187_CE_5655_DISP_10561_CE_5643_18510870_data,1,519.0,623.0,DISP,1,518.9972534179688,622.2128295898438,0.002,0.002,0.821,0.0,0.003,0.003,0.167,0.001,0.001,2,ECa,False,,0.0,0.57,622.0
20230310_40000/EC_3252_EC_483_CE_1057_DISP_9870_17102422_data,1,427.0,502.0,ECa,1,425.0599060058594,502.7220153808594,0.001,0.001,0.049,0.002,0.003,0.001,0.942,0.001,0.001,1,DISP,False,,0.0,0.48,405.0
20230310_40000/EC_3252_EC_483_CE_1057_DISP_9870_17102422_data,1,967.0,995.0,DISP,1,969.0813598632812,995.9230346679688,0.006,0.004,0.789,0.001,0.01,0.003,0.183,0.001,0.002,3,ECa,False,,0.0,0.55,482.0
20230310_10000/E_5281_SR_618_ECE_3538_130642903_data,1,24.0,267.0,E,1,23.927696228027344,267.5054016113281,0.004,0.077,0.0,0.902,0.003,0.004,0.007,0.001,0.002,0,ECb,False,,0.0,0.37,235.0
20230310_50000/T_3108_E_8046_EC_779_EC_873_180059173_data,1,457.0,695.0,ECa,1,455.5073547363281,697.7919921875,0.002,0.001,0.047,0.001,0.002,0.001,0.944,0.002,0.001,2,DISP,False,,0.0,0.62,20.0
20230310_75000/EC_3021_EC_800_214429409_data,1,529.0,943.0,ECa,1,505.1605529785156,942.394287109375,0.006,0.002,0.244,0.001,0.002,0.006,0.734,0.002,0.002,1,DISP,False,,0.0,0.93,332.0
20230310_35000/DISP_10721_EC_2102_163552504_data,1,253.0,556.0,DISP,1,244.82272338867188,565.9420166015625,0.005,0.003,0.872,0.0,0.001,0.003,0.113,0.002,0.001,0,ECa,False,,0.0,0.68,inf
20230310_70000/DISP_5275_DISP_4727_ECE_2829_T_50083_210437314_data,1,71.0,163.0,DISP,1,69.81742858886719,160.85459899902344,0.001,0.002,0.0,0.964,0.001,0.002,0.031,0.0,0.0,0,ECb,False,,0.0,0.57,155.0
20230310_55000/EC_2904_EC_3111_E_10317_184630669_data,1,789.0,985.0,E,1,790.68115234375,986.410400390625,0.002,0.015,0.0,0.976,0.002,0.002,0.002,0.0,0.001,2,ECb,False,,0.0,0.43,334.0
20230310_10000/E_6902_E_8981_EC_2251_EC_2157_125804783_data,1,533.0,664.0,ECb,1,528.02685546875,659.31787109375,0.002,0.003,0.003,0.134,0.009,0.003,0.844,0.001,0.001,2,DISP,False,,0.0,0.23,703.0
20230310_80000/SR_2558_DISP_11597_DISP_11140_223430877_data,1,470.0,643.0,DISP,1,467.4358520507813,645.5338745117188,0.034,0.003,0.0,0.929,0.003,0.002,0.028,0.0,0.001,1,ECb,False,,0.0,0.56,568.0
20230310_5000/DISP_27_EC_1237_DISP_3495_121440180_data,1,878.0,972.0,DISP,1,878.1028442382812,972.7932739257812,0.001,0.001,0.983,0.0,0.002,0.002,0.011,0.0,0.0,2,ECa,False,,0.0,0.36,277.0
20230310_30000/DISP_6834_ECE_796_ECP_3228_152239645_data,1,129.0,247.0,DISP,1,131.39488220214844,242.32472229003903,0.005,0.002,0.0,0.706,0.002,0.004,0.277,0.001,0.001,0,ECb,False,,0.0,0.9,709.0
20230310_45000/SR_1698_E_4913_175529660_data,1,465.0,825.0,E,1,460.7467956542969,825.4722900390625,0.001,0.007,0.0,0.988,0.002,0.001,0.002,0.0,0.0,1,ECb,False,,0.0,0.34,459.0
20230310_75000/CE_3275_SR_401_DISP_7083_ECE_2017_220755851_data,1,569.0,691.0,DISP,1,567.2361450195312,691.6716918945312,0.001,0.001,0.0,0.979,0.001,0.001,0.016,0.0,0.0,2,ECb,False,,0.0,0.58,45.0
20230310_15000/DISP_5835_EC_639_ECE_3480_EC_1362_133027835_data,1,96.0,174.0,DISP,1,96.82679748535156,171.3971405029297,0.009,0.006,0.001,0.761,0.004,0.005,0.213,0.002,0.002,0,ECb,False,,0.0,0.64,979.0
20230310_65000/E_2480_ECE_311_E_5132_205324958_data,1,20.0,232.0,E,1,19.793312072753903,232.9788513183593,0.007,0.167,0.001,0.802,0.007,0.004,0.008,0.002,0.003,0,ECb,False,,0.0,0.21,913.0
20230310_45000/EC_1589_ECE_60_EC_2862_175637632_data,1,22.0,85.0,ECb,1,21.770654678344727,83.65174102783203,0.002,0.0,0.003,0.006,0.0,0.001,0.987,0.001,0.0,0,DISP,False,,0.0,0.26,848.0
20230310_30000/ECE_3327_E_9177_DISP_812_SR_537_155544437_data,1,633.0,712.0,DISP,1,630.9818725585938,710.7002563476562,0.001,0.004,0.0,0.879,0.003,0.002,0.11,0.001,0.001,2,ECb,False,,0.0,0.85,790.0
20230310_75000/EC_479_DISP_1129_ECP_52343_21542347_data,1,541.0,646.0,DISP,1,540.6494140625,644.3531494140625,0.001,0.002,0.0,0.983,0.001,0.001,0.011,0.0,0.0,1,ECb,False,,0.0,0.73,110.0
20230310_45000/E_11951_EC_3267_SR_2670_CE_1480_173355432_data,1,388.0,458.0,ECb,1,386.9775085449219,459.4468078613281,0.008,0.008,0.008,0.07,0.004,0.003,0.887,0.006,0.005,1,DISP,False,,0.0,0.43,480.0
20230310_40000/E_5938_EC_1952_DISP_7495_165650467_data,1,33.0,254.0,E,1,31.7453842163086,259.6055908203125,0.004,0.085,0.0,0.89,0.006,0.003,0.008,0.001,0.003,0,ECb,False,,0.0,0.55,785.0
20230310_5000/EC_3225_DISP_11433_ECE_12726_ECP_7925_121704446_data,1,27.0,91.0,ECb,1,29.241395950317383,90.19084930419922,0.005,0.004,0.002,0.183,0.002,0.004,0.797,0.002,0.002,0,DISP,False,,0.0,0.2,604.0
20230310_10000/EC_3016_EC_2140_DISP_1079_124407600_data,1,649.0,727.0,DISP,1,640.4961547851562,733.8507690429688,0.001,0.002,0.0,0.985,0.001,0.002,0.009,0.0,0.0,2,ECb,False,,0.0,0.21,780.0
20230310_5000/EC_1926_EC_1686_EC_1856_EC_2678_123736537_data,1,500.0,627.0,ECa,1,498.7086181640625,626.9876708984375,0.001,0.004,0.262,0.001,0.002,0.002,0.724,0.002,0.001,2,DISP,False,,0.0,0.71,800.0
20230310_80000/ECP_4564_EC_3155_ECE_10438_DISP_10059_221754117_data,1,789.0,884.0,DISP,1,789.4931640625,883.6573486328125,0.006,0.003,0.777,0.0,0.002,0.004,0.202,0.004,0.002,3,ECa,False,,0.0,0.26,590.0
20230310_60000/ECP_5857_EC_1419_192750487_data,1,396.0,949.0,ECa,1,404.285888671875,955.0465087890624,0.002,0.828,0.011,0.108,0.031,0.002,0.011,0.002,0.004,1,E,False,,0.0,0.38,318.0
20230310_80000/DISP_3291_E_6969_ECE_6726_222821187_data,1,209.0,325.0,DISP,1,208.8251190185547,322.44580078125,0.015,0.003,0.721,0.0,0.003,0.005,0.246,0.005,0.002,0,ECa,False,,0.0,0.38,852.0
20230310_20000/ECE_2760_E_11093_DISP_1185_T_50886_14342626_data,1,724.0,807.0,DISP,1,719.315185546875,811.684814453125,0.009,0.004,0.0,0.717,0.004,0.004,0.259,0.002,0.002,2,ECb,False,,0.0,0.46,699.0
20230310_60000/EC_3048_ECE_11156_ECE_12423_EC_389_192949221_data,1,834.0,966.0,ECb,1,829.852783203125,967.92529296875,0.003,0.001,0.001,0.021,0.001,0.001,0.971,0.001,0.001,3,DISP,False,,0.0,0.37,259.0
20230310_15000/EC_434_CE_5668_CE_286_ECP_8261_133505814_data,1,88.0,200.0,ECb,1,85.23297882080078,201.5541076660156,0.0,0.0,0.002,0.009,0.001,0.0,0.986,0.001,0.0,0,DISP,False,,0.0,0.58,17.0
20230310_25000/DISP_2014_ECP_50854_144424640_data,1,360.0,635.0,DISP,1,365.29693603515625,631.5348510742188,0.037,0.004,0.0,0.917,0.003,0.002,0.036,0.0,0.001,0,ECb,False,,0.0,0.44,inf
20230310_30000/DISP_4289_DISP_7848_EC_2406_DISP_1098_154105642_data,1,688.0,768.0,ECa,1,686.6830444335938,770.0828247070312,0.003,0.001,0.229,0.001,0.002,0.003,0.757,0.002,0.001,2,DISP,False,,0.0,0.2,801.0
20230310_50000/DISP_240_EC_1042_DISP_1420_EC_3251_181158901_data,1,606.0,703.0,DISP,1,605.497314453125,702.3944091796875,0.003,0.004,0.0,0.787,0.003,0.003,0.198,0.001,0.001,2,ECb,False,,0.0,0.44,988.0
20230310_5000/DISP_7625_DISP_7367_EC_1192_EC_1418_122853300_data,1,253.0,399.0,DISP,1,254.1537475585937,400.32135009765625,0.004,0.001,0.922,0.0,0.002,0.001,0.069,0.0,0.0,1,ECa,False,,0.0,0.64,290.0
20230310_65000/DISP_2446_SR_2878_T_50981_202731616_data,1,107.0,314.0,DISP,1,110.16851043701172,313.7297058105469,0.006,0.003,0.0,0.922,0.003,0.004,0.062,0.0,0.001,0,ECb,False,,0.0,0.42,248.0
20230310_5000/DISP_10786_EC_2442_E_752_123653850_data,1,72.0,184.0,DISP,1,69.56680297851562,182.7196044921875,0.002,0.002,0.0,0.966,0.001,0.001,0.027,0.0,0.0,0,ECb,False,,0.0,0.54,140.0
20230310_65000/DISP_10933_205318203_data,1,161.0,439.0,DISP,1,164.28475952148438,434.2658996582031,0.095,0.007,0.001,0.703,0.008,0.007,0.177,0.001,0.002,0,ECb,False,,0.0,0.65,inf
20230310_80000/DISP_5045_SR_4619_EC_1237_DISP_5186_22364632_data,1,547.0,643.0,ECa,1,545.32373046875,642.9620361328125,0.001,0.0,0.025,0.001,0.001,0.001,0.97,0.001,0.0,2,DISP,False,,0.0,0.35,84.0
20230310_65000/E_5208_E_4370_ECP_12234_202040272_data,1,6.0,255.0,E,1,1.464447021484375,260.7705993652344,0.005,0.125,0.001,0.849,0.004,0.005,0.008,0.001,0.003,0,ECb,False,,0.0,0.27,516.0
20230310_30000/DISP_1196_DISP_8964_153135914_data,1,28.0,219.0,DISP,1,31.23602294921875,198.2643280029297,0.008,0.001,0.0,0.73,0.002,0.002,0.255,0.0,0.001,0,ECb,False,,0.0,0.7,inf
20230310_55000/E_7305_EC_864_E_2250_ECP_460_190633512_data,1,407.0,485.0,ECa,1,409.1832580566406,485.9432678222656,0.004,0.005,0.247,0.003,0.01,0.004,0.723,0.003,0.002,1,DISP,False,,0.0,0.85,247.0
20230310_70000/E_4827_EC_1345_EC_2638_210113582_data,1,418.0,605.0,ECb,1,412.82659912109375,608.5203247070312,0.004,0.007,0.001,0.252,0.003,0.001,0.728,0.003,0.002,1,DISP,False,,0.0,0.93,638.0
20230310_40000/E_12399_EC_82_DISP_8362_T_50279_171656770_data,1,385.0,459.0,ECa,1,382.55902099609375,461.68798828125,0.0,0.001,0.006,0.004,0.001,0.001,0.986,0.001,0.0,1,DISP,False,,0.0,0.3,21.0
20230310_80000/ECP_51050_EC_483_SR_3702_222951260_data,1,292.0,437.0,ECb,1,289.0228271484375,439.46142578125,0.009,0.003,0.001,0.126,0.003,0.001,0.853,0.002,0.002,1,DISP,False,,0.0,0.63,238.0
20230310_70000/E_457_SR_1189_ECP_51660_211111790_data,1,10.0,244.0,E,1,6.959968566894531,247.47116088867188,0.001,0.013,0.0,0.978,0.002,0.002,0.003,0.0,0.001,0,ECb,False,,0.0,0.38,840.0
20230310_75000/T_6535_ECE_9064_EC_2896_EC_3436_221002878_data,1,674.0,853.0,ECb,1,673.4696044921875,848.4893798828125,0.004,0.001,0.001,0.053,0.001,0.002,0.933,0.003,0.001,3,DISP,False,,0.0,0.93,779.0
20230310_55000/SR_1723_ECE_3882_DISP_3421_E_2541_185353676_data,1,566.0,643.0,DISP,1,565.2261962890625,643.482177734375,0.006,0.006,0.0,0.917,0.003,0.006,0.058,0.002,0.004,2,ECb,False,,0.0,0.37,917.0
20230310_65000/E_156_T_50170_202718491_data,1,15.0,445.0,E,1,10.118484497070312,456.191162109375,0.005,0.01,0.0,0.975,0.003,0.002,0.004,0.0,0.001,0,ECb,False,,0.0,0.43,inf
20230310_20000/EC_3316_E_10808_141659522_data,1,685.0,997.0,E,1,689.9200439453125,1000.0,0.003,0.08,0.0,0.904,0.005,0.002,0.003,0.001,0.002,1,ECb,False,,0.0,0.96,798.0
20230310_40000/EC_2371_DISP_730_165406659_data,1,259.0,352.0,ECa,1,257.3504638671875,354.59356689453125,0.001,0.0,0.023,0.002,0.001,0.001,0.97,0.001,0.0,0,DISP,False,,0.0,0.25,inf
20230310_60000/DISP_10448_DISP_9185_194730390_data,1,488.0,780.0,DISP,1,514.8787231445312,765.8102416992188,0.006,0.016,0.001,0.871,0.018,0.002,0.08,0.001,0.005,1,ECb,False,,0.0,0.2,103.0
20230310_50000/DISP_1354_T_50434_180932661_data,1,349.0,599.0,DISP,1,347.09259033203125,604.3788452148438,0.001,0.004,0.0,0.901,0.002,0.001,0.09,0.0,0.001,0,ECb,False,,0.0,0.38,inf
20230310_40000/DISP_10413_DISP_9828_SR_4132_T_3307_171309606_data,1,447.0,615.0,DISP,1,446.5467834472656,616.1275634765625,0.0,0.001,0.0,0.983,0.002,0.001,0.012,0.0,0.0,1,ECb,False,,0.0,0.56,27.0
20230310_65000/E_12352_EC_174_E_9650_E_9219_202923225_data,1,848.0,993.0,E,1,847.249755859375,995.7655029296876,0.001,0.28,0.001,0.7,0.006,0.004,0.004,0.001,0.002,3,ECb,False,,0.0,0.67,453.0
20230310_45000/SR_4592_EC_1922_172806988_data,1,672.0,943.0,ECa,1,658.9461669921875,948.3621826171876,0.002,0.002,0.099,0.001,0.003,0.002,0.889,0.003,0.001,1,DISP,False,,0.0,0.43,191.0
20230310_80000/EC_2862_E_2291_EC_2131_DISP_4411_221643807_data,1,811.0,894.0,DISP,1,809.945556640625,893.053466796875,0.002,0.001,0.88,0.0,0.002,0.002,0.11,0.001,0.001,3,ECa,False,,0.0,0.84,748.0
20230310_5000/ECE_3028_DISP_4092_ECP_10600_120415458_data,1,596.0,781.0,DISP,1,601.999267578125,767.0751953125,0.003,0.003,0.0,0.974,0.002,0.003,0.015,0.0,0.001,1,ECb,False,,0.0,0.2,846.0
20230310_65000/SR_2602_DISP_9743_ECE_4035_E_6793_204105716_data,1,260.0,345.0,DISP,1,257.0546875,348.58026123046875,0.0,0.001,0.987,0.0,0.001,0.001,0.009,0.0,0.0,1,ECa,False,,0.0,0.9,501.0
20230310_60000/ECE_1869_ECE_4710_DISP_2003_192853703_data,1,779.0,889.0,DISP,1,774.273681640625,889.01806640625,0.001,0.001,0.873,0.0,0.004,0.002,0.118,0.0,0.001,2,ECa,False,,0.0,0.98,286.0
20230310_30000/DISP_2426_ECE_1528_EC_2163_ECP_7748_151824276_data,1,56.0,145.0,DISP,1,52.01227188110352,147.6210174560547,0.001,0.003,0.0,0.919,0.002,0.003,0.071,0.0,0.001,0,ECb,False,,0.0,0.27,195.0
20230310_30000/E_7538_DISP_1372_E_3161_T_50070_153938426_data,1,473.0,600.0,DISP,1,470.5967712402344,602.9512939453125,0.022,0.004,0.0,0.703,0.003,0.002,0.264,0.001,0.002,1,ECb,False,,0.0,0.77,451.0
20230310_65000/ECE_1301_E_5256_SR_1618_ECP_12727_202747100_data,1,317.0,502.0,E,1,316.0278015136719,508.5119934082031,0.004,0.104,0.0,0.874,0.004,0.002,0.007,0.001,0.002,1,ECb,False,,0.0,0.38,241.0
20230310_75000/SR_1129_E_533_E_39_221130120_data,1,741.0,977.0,E,1,740.2053833007812,981.9913940429688,0.001,0.039,0.0,0.955,0.001,0.001,0.002,0.0,0.001,2,ECb,False,,0.0,0.65,479.0
20230310_25000/ECP_11012_E_1179_SR_2425_E_2809_150540851_data,1,825.0,991.0,E,1,823.1319580078125,992.295654296875,0.002,0.051,0.0,0.936,0.003,0.003,0.003,0.0,0.002,3,ECb,False,,0.0,0.66,711.0
20230310_30000/T_5502_EC_638_EC_486_ECE_9879_151804680_data,1,390.0,542.0,ECb,1,387.487060546875,547.2855834960938,0.001,0.001,0.001,0.067,0.003,0.001,0.926,0.001,0.001,2,DISP,False,,0.0,0.28,126.0
20230310_5000/DISP_7598_EC_2176_DISP_1449_120504894_data,1,12.0,215.0,DISP,1,11.831382751464844,206.1082458496093,0.008,0.932,0.003,0.039,0.004,0.001,0.005,0.005,0.003,0,E,False,,0.0,0.47,210.0
20230310_70000/DISP_3555_E_3022_ECE_4785_EC_274_2100227_data,1,880.0,951.0,ECa,1,874.16943359375,953.0487060546876,0.001,0.002,0.119,0.002,0.003,0.002,0.869,0.001,0.001,3,DISP,False,,0.0,0.36,21.0
20230310_45000/DISP_5164_ECE_3568_173220134_data,1,23.0,338.0,DISP,1,23.45233154296875,316.795654296875,0.002,0.837,0.008,0.1,0.008,0.002,0.036,0.004,0.004,0,E,False,,0.0,0.31,inf
20230310_65000/EC_3052_DISP_10463_SR_2412_EC_3385_204504118_data,1,385.0,482.0,DISP,1,385.5690002441406,480.8968811035156,0.002,0.002,0.913,0.0,0.003,0.002,0.077,0.001,0.001,1,ECa,False,,0.0,0.59,62.0
20230310_25000/E_5318_SR_289_DISP_6578_144710573_data,1,666.0,865.0,DISP,1,661.8304443359375,867.7723388671875,0.002,0.002,0.903,0.0,0.003,0.002,0.088,0.001,0.001,2,ECa,False,,0.0,0.31,247.0
20230310_45000/DISP_6058_174214752_data,1,259.0,536.0,DISP,1,264.7427978515625,537.2719116210938,0.16,0.005,0.0,0.782,0.004,0.006,0.038,0.001,0.003,0,ECb,False,,0.0,0.65,inf
20230310_15000/DISP_1722_SR_2052_133202411_data,1,319.0,542.0,DISP,1,319.5584411621094,547.6934204101562,0.011,0.004,0.0,0.953,0.002,0.002,0.027,0.0,0.001,0,ECb,False,,0.0,0.44,inf
20230310_5000/CE_5024_EC_3432_E_8915_T_8448_120743406_data,1,11.0,283.0,ECa,1,7.59625244140625,272.89117431640625,0.021,0.918,0.009,0.033,0.006,0.001,0.003,0.003,0.005,0,E,False,,0.0,0.5,353.0
20230310_35000/T_3134_EC_419_ECE_11720_163644613_data,1,182.0,305.0,ECa,1,152.16595458984375,304.8261108398437,0.003,0.001,0.116,0.001,0.001,0.001,0.874,0.002,0.001,1,DISP,False,,0.0,0.84,559.0
20230310_20000/DISP_762_143125162_data,1,240.0,575.0,DISP,1,237.884994506836,573.4679565429688,0.111,0.003,0.0,0.795,0.003,0.005,0.081,0.002,0.001,0,ECb,False,,0.0,0.96,inf
20230310_55000/DISP_7737_DISP_10110_191039431_data,1,622.0,980.0,DISP,1,617.4816284179688,980.5911254882812,0.001,0.974,0.003,0.013,0.002,0.0,0.002,0.002,0.002,1,E,False,,0.0,0.91,315.0
20230310_10000/T_50098_ECE_5576_DISP_10387_DISP_9441_130645383_data,1,530.0,621.0,DISP,1,529.4241943359375,619.953369140625,0.003,0.002,0.747,0.0,0.004,0.003,0.239,0.001,0.001,2,ECa,False,,0.0,0.88,772.0
20230310_30000/DISP_638_153817659_data,1,286.0,925.0,DISP,1,277.6495056152344,931.1002197265624,0.001,0.975,0.004,0.011,0.003,0.0,0.002,0.002,0.001,0,E,False,,0.0,0.72,inf
20230310_40000/EC_2640_DISP_5265_165603598_data,1,360.0,532.0,DISP,1,360.24969482421875,539.4783935546875,0.004,0.002,0.0,0.727,0.004,0.001,0.26,0.0,0.001,1,ECb,False,,0.0,0.38,46.0
20230310_50000/DISP_5502_DISP_3420_SR_3258_T_50604_182943425_data,1,473.0,641.0,DISP,1,471.1414794921875,644.231689453125,0.001,0.005,0.0,0.782,0.004,0.003,0.202,0.001,0.001,1,ECb,False,,0.0,0.41,392.0
20230310_45000/T_3998_EC_3233_EC_530_174321860_data,1,680.0,986.0,ECa,1,674.721923828125,990.46875,0.004,0.848,0.017,0.094,0.012,0.003,0.014,0.002,0.005,2,E,False,,0.0,0.41,475.0
20230310_15000/ECE_4541_EC_2371_ECE_6309_DISP_4551_133512795_data,1,339.0,389.0,ECb,1,339.2397155761719,385.9248962402344,0.005,0.004,0.002,0.206,0.004,0.005,0.764,0.003,0.007,1,DISP,False,,0.0,0.75,410.0
20230310_20000/ECP_52345_DISP_4600_140512298_data,1,447.0,605.0,DISP,1,440.37939453125,615.891845703125,0.001,0.003,0.0,0.951,0.003,0.002,0.04,0.0,0.0,1,ECb,False,,0.0,0.2,302.0
20230310_25000/E_5704_145640566_data,1,127.0,612.0,E,1,129.070068359375,615.0044555664062,0.002,0.007,0.0,0.984,0.002,0.001,0.002,0.0,0.001,0,ECb,False,,0.0,0.28,inf
20230310_15000/EC_2911_EC_2727_DISP_1885_DISP_4225_134143314_data,1,426.0,552.0,ECa,1,425.340087890625,550.3595581054688,0.01,0.001,0.117,0.001,0.002,0.001,0.866,0.001,0.001,1,DISP,False,,0.0,0.96,189.0
20230310_35000/DISP_10779_163309648_data,1,61.0,264.0,DISP,1,63.62505340576172,272.3275146484375,0.047,0.005,0.001,0.848,0.006,0.008,0.082,0.001,0.002,0,ECb,False,,0.0,0.67,inf
20230310_75000/DISP_12643_ECP_50360_21501646_data,1,236.0,417.0,DISP,1,237.58453369140625,417.0242309570313,0.052,0.004,0.0,0.832,0.005,0.003,0.101,0.001,0.002,0,ECb,False,,0.0,0.55,inf
20230310_40000/ECP_9177_DISP_2167_EC_1041_171016567_data,1,711.0,974.0,ECa,1,705.7680053710938,973.1675415039062,0.004,0.001,0.141,0.001,0.001,0.002,0.85,0.001,0.001,2,DISP,False,,0.0,0.54,771.0
20230310_65000/EC_3405_DISP_2515_DISP_3328_201558556_data,1,560.0,658.0,DISP,1,558.0896606445312,656.2518920898438,0.002,0.001,0.0,0.974,0.002,0.002,0.019,0.0,0.0,2,ECb,False,,0.0,0.38,113.0
20230310_75000/T_3956_DISP_11731_E_8799_EC_450_220618581_data,1,713.0,879.0,ECb,1,710.6199340820312,877.3091430664062,0.006,0.002,0.001,0.168,0.002,0.003,0.815,0.004,0.001,3,DISP,False,,0.0,0.32,773.0
20230310_10000/T_7493_EC_471_EC_873_ECE_10557_131345174_data,1,458.0,555.0,ECa,1,455.4743957519531,556.4353637695312,0.0,0.001,0.109,0.001,0.002,0.001,0.885,0.001,0.0,2,DISP,False,,0.0,0.84,286.0
20230310_45000/CE_4685_ECE_3028_E_2999_EC_2817_173726214_data,1,826.0,925.0,ECa,1,825.31494140625,925.9609375,0.007,0.002,0.119,0.001,0.003,0.002,0.861,0.003,0.002,3,DISP,False,,0.0,0.96,444.0
20230310_5000/ECP_5386_E_12702_EC_779_ECE_8113_121732765_data,1,418.0,557.0,ECb,1,416.6414184570313,557.732666015625,0.002,0.003,0.002,0.181,0.004,0.003,0.802,0.002,0.001,2,DISP,False,,0.0,0.93,424.0
20230310_80000/DISP_5776_EC_3094_T_50373_221725292_data,1,54.0,153.0,DISP,1,52.470359802246094,153.5572509765625,0.007,0.005,0.001,0.736,0.004,0.006,0.238,0.002,0.002,0,ECb,False,,0.0,0.2,759.0
20230310_80000/EC_2058_DISP_415_DISP_9065_T_51129_223031949_data,1,734.0,816.0,DISP,1,732.479248046875,814.5072021484375,0.005,0.004,0.0,0.926,0.004,0.007,0.053,0.0,0.001,2,ECb,False,,0.0,0.43,181.0
20230310_60000/ECP_51871_DISP_5608_EC_2627_193030409_data,1,607.0,836.0,DISP,1,611.6768798828125,818.6961669921875,0.028,0.069,0.002,0.713,0.012,0.004,0.162,0.005,0.005,1,ECb,False,,0.0,1.0,902.0
20230310_80000/E_11463_E_11552_SR_4815_E_11902_222331374_data,1,827.0,996.0,E,1,822.5084228515625,998.625,0.0,0.01,0.0,0.981,0.003,0.002,0.002,0.0,0.001,3,ECb,False,,0.0,0.61,427.0
20230310_80000/E_3500_EC_2291_ECP_10895_222636630_data,1,549.0,747.0,ECa,1,545.7626953125,749.145751953125,0.004,0.004,0.089,0.003,0.002,0.003,0.888,0.005,0.002,1,DISP,False,,0.0,0.37,848.0
20230310_60000/DISP_2151_ECE_7482_EC_2511_ECP_3628_200503315_data,1,62.0,148.0,DISP,1,59.93909454345703,146.10113525390625,0.001,0.003,0.0,0.97,0.001,0.002,0.022,0.0,0.001,0,ECb,False,,0.0,0.34,62.0
20230310_10000/E_11848_EC_2221_SR_3164_SR_4414_125420470_data,1,294.0,417.0,ECa,1,297.0235595703125,419.0762939453125,0.009,0.003,0.135,0.003,0.005,0.003,0.837,0.002,0.002,1,DISP,False,,0.0,0.2,605.0
20230310_20000/EC_1865_DISP_6173_141101695_data,1,468.0,627.0,DISP,1,464.2606506347656,633.0001220703125,0.003,0.005,0.0,0.738,0.005,0.003,0.243,0.001,0.002,1,ECb,False,,0.0,0.44,440.0
20230310_15000/EC_2869_DISP_4626_134551464_data,1,561.0,744.0,DISP,1,559.0738525390625,748.9783935546875,0.024,0.003,0.0,0.83,0.003,0.004,0.133,0.001,0.002,1,ECb,False,,0.0,0.73,689.0
20230310_30000/EC_2627_E_959_DISP_7851_153623936_data,1,22.0,94.0,ECb,1,20.99895477294922,96.7643814086914,0.003,0.001,0.001,0.077,0.002,0.001,0.912,0.002,0.001,0,DISP,False,,0.0,0.79,196.0
20230310_20000/EC_1574_ECE_434_141926426_data,1,10.0,74.0,ECb,1,10.333024978637695,73.66577911376953,0.076,0.001,0.003,0.025,0.001,0.001,0.889,0.002,0.001,0,DISP,False,,0.0,0.87,inf
20230310_60000/CE_3508_E_5270_DISP_9325_DISP_6041_195634167_data,1,289.0,462.0,E,1,286.2665405273437,464.4415893554688,0.003,0.098,0.0,0.882,0.004,0.004,0.005,0.001,0.003,1,ECb,False,,0.0,0.34,863.0
20230310_60000/CE_3508_E_5270_DISP_9325_DISP_6041_195634167_data,1,791.0,880.0,DISP,1,789.1863403320312,880.3789672851562,0.002,0.008,0.0,0.864,0.003,0.004,0.115,0.002,0.002,3,ECb,False,,0.0,0.66,453.0
20230310_20000/ECP_12406_DISP_11880_T_50652_143104522_data,1,497.0,784.0,DISP,1,493.7565002441406,787.1173095703125,0.098,0.009,0.001,0.738,0.012,0.005,0.131,0.002,0.004,1,ECb,False,,0.0,0.53,182.0
20230310_75000/E_7692_DISP_1750_EC_1795_215815287_data,1,23.0,244.0,E,1,23.1740951538086,250.7529296875,0.003,0.075,0.001,0.893,0.007,0.007,0.011,0.001,0.003,0,ECb,False,,0.0,0.72,984.0
20230310_45000/ECP_4255_DISP_1327_173708804_data,1,391.0,607.0,DISP,1,387.3564147949219,611.9292602539062,0.044,0.004,0.0,0.862,0.004,0.003,0.081,0.001,0.001,1,ECb,False,,0.0,0.74,147.0
20230310_75000/EC_2095_SR_289_221118525_data,1,298.0,488.0,ECa,1,293.17559814453125,491.2453002929688,0.004,0.004,0.119,0.003,0.002,0.004,0.855,0.006,0.002,0,DISP,False,,0.0,0.26,inf
20230310_30000/ECE_5763_SR_4414_EC_1856_152502847_data,1,746.0,978.0,ECb,1,746.270263671875,981.0157470703124,0.005,0.006,0.001,0.228,0.004,0.002,0.749,0.002,0.002,2,DISP,False,,0.0,0.86,118.0
20230310_25000/E_5791_EC_3366_EC_2558_EC_1754_145943882_data,1,23.0,208.0,E,1,25.16167449951172,207.21218872070312,0.003,0.084,0.0,0.896,0.005,0.003,0.007,0.001,0.002,0,ECb,False,,0.0,0.41,403.0
20230310_30000/EC_1856_152226692_data,1,48.0,534.0,ECa,1,47.47023010253906,550.0682983398438,0.001,0.001,0.093,0.001,0.003,0.001,0.898,0.001,0.001,0,DISP,False,,0.0,0.69,inf
20230310_55000/DISP_5840_EC_1282_192209503_data,1,65.0,202.0,DISP,1,65.98575592041016,200.385009765625,0.003,0.002,0.0,0.887,0.001,0.002,0.103,0.0,0.001,0,ECb,False,,0.0,0.39,inf
20230310_20000/SR_204_DISP_2002_EC_1235_141103830_data,1,333.0,477.0,DISP,1,331.9075622558594,478.2672424316406,0.003,0.003,0.87,0.0,0.003,0.005,0.113,0.002,0.001,1,ECa,False,,0.0,0.95,341.0
20230310_75000/EC_843_SR_4122_SR_1970_220956884_data,1,26.0,121.0,ECb,1,25.948299407958984,121.86239624023438,0.045,0.004,0.002,0.175,0.004,0.004,0.755,0.005,0.006,0,DISP,False,,0.0,0.39,774.0
20230310_30000/ECP_6008_DISP_11885_15173617_data,1,339.0,514.0,DISP,1,341.4607238769531,512.3978271484375,0.025,0.002,0.0,0.91,0.003,0.004,0.055,0.001,0.001,1,ECb,False,,0.0,0.75,214.0
20230310_15000/DISP_3779_EC_2179_SR_4544_SR_2871_131953854_data,1,31.0,105.0,DISP,1,30.25283432006836,101.8308563232422,0.017,0.007,0.001,0.725,0.005,0.003,0.239,0.001,0.003,0,ECb,False,,0.0,0.61,66.0
20230310_25000/DISP_4127_SR_4905_144755602_data,1,266.0,476.0,DISP,1,260.03985595703125,484.008544921875,0.001,0.002,0.0,0.957,0.002,0.002,0.035,0.0,0.0,0,ECb,False,,0.0,0.58,inf
20230310_65000/EC_1922_ECE_11879_EC_1533_ECP_5436_20345837_data,1,26.0,150.0,ECb,1,25.474018096923828,150.84097290039062,0.001,0.0,0.0,0.008,0.0,0.0,0.989,0.0,0.0,0,DISP,False,,0.0,0.79,390.0
20230310_10000/DISP_9240_130245882_data,1,461.0,763.0,DISP,1,461.1510009765625,757.475830078125,0.0,0.002,0.0,0.737,0.002,0.001,0.257,0.0,0.0,0,ECb,False,,0.0,0.33,inf
20230310_50000/EC_1651_ECP_50773_175937236_data,1,154.0,322.0,ECb,1,153.84506225585938,321.8991394042969,0.002,0.003,0.001,0.134,0.003,0.001,0.854,0.001,0.001,0,DISP,False,,0.0,0.76,inf
20230310_75000/EC_2792_SR_4182_EC_269_SR_204_215441579_data,1,98.0,222.0,ECb,1,96.3955078125,226.8969116210937,0.001,0.002,0.002,0.062,0.003,0.001,0.927,0.001,0.001,0,DISP,False,,0.0,0.75,220.0
20230310_15000/ECP_5323_E_1820_CE_2212_13424022_data,1,169.0,486.0,E,1,170.3897247314453,487.7101440429688,0.003,0.067,0.0,0.917,0.004,0.003,0.004,0.001,0.001,1,ECb,False,,0.0,0.24,218.0
20230310_70000/EC_1306_SR_3182_ECP_50741_210925258_data,1,211.0,314.0,ECa,1,208.9546661376953,315.7147216796875,0.004,0.003,0.231,0.001,0.003,0.003,0.749,0.003,0.002,0,DISP,False,,0.0,0.84,680.0
20230310_75000/E_8188_DISP_10296_EC_526_215051505_data,1,613.0,987.0,ECa,1,592.6407470703125,986.0628662109376,0.003,0.774,0.049,0.058,0.092,0.002,0.015,0.002,0.006,2,E,False,,0.0,0.67,90.0
20230310_70000/DISP_2173_ECE_4357_ECP_50314_210705483_data,1,111.0,249.0,DISP,1,110.99715423583984,251.81857299804688,0.012,0.003,0.0,0.908,0.002,0.004,0.069,0.001,0.001,0,ECb,False,,0.0,0.88,399.0
20230310_30000/SR_2652_DISP_7523_E_3020_T_50349_154630295_data,1,487.0,579.0,DISP,1,486.6552734375,578.5843505859375,0.001,0.002,0.0,0.966,0.001,0.003,0.026,0.0,0.001,1,ECb,False,,0.0,0.66,107.0
20230310_80000/E_2682_SR_1574_DISP_10415_T_50468_222829828_data,1,683.0,905.0,DISP,1,683.5502319335938,908.3522338867188,0.017,0.009,0.0,0.863,0.006,0.002,0.102,0.0,0.001,2,ECb,False,,0.0,0.34,37.0
20230310_20000/ECE_8512_EC_779_E_8245_SR_4249_141925367_data,1,385.0,551.0,ECa,1,378.5800476074219,554.1965942382812,0.001,0.002,0.07,0.002,0.005,0.001,0.917,0.001,0.001,1,DISP,False,,0.0,0.53,15.0
20230310_60000/EC_2381_DISP_4263_SR_1152_ECE_1389_200135998_data,1,10.0,57.0,ECb,1,11.194379806518556,52.26303863525391,0.003,0.001,0.002,0.034,0.001,0.002,0.955,0.001,0.001,0,DISP,False,,0.0,0.69,801.0
20230310_65000/T_50791_CE_1336_E_12871_EC_317_20273871_data,1,170.0,416.0,ECa,1,168.68177795410156,419.895263671875,0.008,0.018,0.001,0.921,0.016,0.004,0.029,0.001,0.003,1,ECb,False,,0.0,0.65,367.0
20230310_80000/E_2535_ECP_50595_222334504_data,1,19.0,314.0,E,1,19.92999267578125,320.04705810546875,0.007,0.245,0.001,0.703,0.008,0.004,0.025,0.002,0.004,0,ECb,False,,0.0,0.33,inf
20230310_5000/ECP_50120_DISP_10387_DISP_8510_CE_2710_120058595_data,1,281.0,366.0,DISP,1,280.1007080078125,365.8660888671875,0.001,0.001,0.707,0.0,0.003,0.002,0.284,0.001,0.001,1,ECa,False,,0.0,0.69,590.0
20230310_75000/DISP_6938_220646514_data,1,375.0,758.0,DISP,1,380.75579833984375,754.5805053710938,0.003,0.004,0.0,0.936,0.003,0.003,0.05,0.0,0.001,0,ECb,False,,0.0,0.98,inf
20230310_80000/DISP_1479_CE_98_223605451_data,1,295.0,503.0,DISP,1,297.4197998046875,513.3485107421875,0.025,0.004,0.0,0.83,0.003,0.002,0.134,0.001,0.001,0,ECb,False,,0.0,0.85,inf
20230310_80000/DISP_1479_CE_98_223605451_data,1,619.0,972.0,ECb,1,634.579345703125,976.031494140625,0.01,0.804,0.004,0.15,0.013,0.001,0.005,0.001,0.012,1,E,False,,0.0,0.37,335.0
20230310_30000/CE_5578_EC_489_153906545_data,1,13.0,545.0,ECa,1,9.6270751953125,561.5786743164062,0.013,0.086,0.001,0.859,0.01,0.007,0.017,0.001,0.005,0,ECb,False,,0.0,0.55,inf
20230310_60000/DISP_11821_ECP_8125_194424581_data,1,62.0,261.0,DISP,1,61.2724609375,272.6503601074219,0.031,0.006,0.001,0.813,0.007,0.005,0.135,0.001,0.002,0,ECb,False,,0.0,0.42,inf
20230310_70000/EC_930_E_2065_210448493_data,1,617.0,934.0,E,1,616.11669921875,934.3905029296876,0.004,0.032,0.0,0.95,0.005,0.003,0.004,0.0,0.001,1,ECb,False,,0.0,0.58,618.0
20230310_25000/CE_272_DISP_3534_T_50787_144601238_data,1,574.0,787.0,DISP,1,573.8687133789062,784.8515014648438,0.031,0.005,0.0,0.917,0.004,0.002,0.039,0.0,0.001,1,ECb,False,,0.0,0.91,207.0
20230310_55000/E_4873_190216414_data,1,433.0,971.0,E,1,435.9996032714844,984.709716796875,0.047,0.201,0.001,0.73,0.004,0.003,0.008,0.001,0.005,0,ECb,False,,0.0,0.3,inf
20230310_60000/DISP_12907_T_50589_200424896_data,1,167.0,513.0,DISP,1,172.59217834472656,518.9674072265625,0.064,0.004,0.0,0.884,0.005,0.006,0.035,0.0,0.001,0,ECb,False,,0.0,0.62,inf
20230310_45000/EC_956_SR_2679_DISP_5148_17392015_data,1,786.0,942.0,DISP,1,784.1807250976562,943.3545532226562,0.002,0.002,0.9,0.0,0.005,0.003,0.087,0.001,0.001,2,ECa,False,,0.0,0.31,91.0
20230310_45000/DISP_563_DISP_1312_E_3676_SR_283_172915626_data,1,22.0,91.0,DISP,1,19.696510314941406,91.48432159423828,0.001,0.002,0.0,0.955,0.002,0.002,0.038,0.0,0.0,0,ECb,False,,0.0,0.98,45.0
20230310_50000/DISP_10611_DISP_11655_183150813_data,1,545.0,826.0,DISP,1,543.5841064453125,827.6756591796875,0.004,0.004,0.0,0.701,0.004,0.004,0.281,0.001,0.001,1,ECb,False,,0.0,0.88,474.0
20230310_65000/E_11541_ECE_11954_EC_3350_SR_3702_204458805_data,1,558.0,717.0,ECb,1,555.3506469726562,718.6155395507812,0.001,0.002,0.001,0.157,0.003,0.002,0.829,0.002,0.001,2,DISP,False,,0.0,0.77,56.0
20230310_75000/E_1126_SR_1776_DISP_6938_220146270_data,1,738.0,899.0,DISP,1,737.4846801757812,895.4866333007812,0.008,0.003,0.0,0.862,0.004,0.003,0.118,0.001,0.001,2,ECb,False,,0.0,0.34,592.0
20230310_15000/E_3375_E_2826_133504571_data,1,472.0,933.0,E,1,452.63714599609375,938.3508911132812,0.009,0.026,0.0,0.955,0.003,0.002,0.003,0.0,0.001,1,ECb,False,,0.0,0.26,23.0
20230310_75000/DISP_8624_E_12156_EC_189_E_8763_215023484_data,1,417.0,611.0,ECa,1,408.2833557128906,611.300537109375,0.011,0.004,0.229,0.001,0.003,0.004,0.739,0.006,0.002,2,DISP,False,,0.0,0.24,985.0
20230310_45000/E_5411_E_4474_DISP_4971_DISP_8997_17265522_data,1,806.0,957.0,DISP,1,807.4866943359375,957.388916015625,0.002,0.008,0.058,0.011,0.812,0.0,0.106,0.001,0.002,3,ECE,False,,0.0,0.64,142.0
20230310_25000/DISP_8538_DISP_8038_T_50752_150542352_data,1,78.0,236.0,DISP,1,75.49354553222656,239.00376892089844,0.003,0.005,0.0,0.722,0.005,0.003,0.259,0.001,0.001,0,ECb,False,,0.0,0.74,944.0
20230310_70000/ECE_5612_DISP_6362_DISP_1531_205724196_data,1,711.0,817.0,DISP,1,708.343017578125,820.3935546875,0.005,0.005,0.0,0.772,0.003,0.003,0.21,0.001,0.002,2,ECb,False,,0.0,0.37,116.0
20230310_75000/DISP_125_ECE_1528_SR_4122_215408562_data,1,22.0,164.0,DISP,1,23.1660385131836,164.70281982421875,0.001,0.001,0.832,0.0,0.003,0.003,0.159,0.001,0.001,0,ECa,False,,0.0,0.63,701.0
20230310_55000/ECE_3131_CE_5411_EC_2999_DISP_9314_190800483_data,1,776.0,864.0,DISP,1,765.6368408203125,861.4796142578125,0.001,0.005,0.732,0.0,0.003,0.002,0.255,0.001,0.001,3,ECa,False,,0.0,0.95,352.0
20230310_20000/ECP_51053_DISP_606_T_50337_14175189_data,1,509.0,708.0,DISP,1,506.20611572265625,713.2671508789062,0.002,0.001,0.0,0.99,0.001,0.001,0.004,0.0,0.0,1,ECb,False,,0.0,0.46,63.0
20230310_20000/EC_3014_SR_4883_DISP_1359_EC_228_142240357_data,1,476.0,575.0,DISP,1,477.4249572753906,571.78955078125,0.001,0.003,0.0,0.971,0.002,0.002,0.019,0.0,0.001,2,ECb,False,,0.0,0.78,299.0
20230310_55000/E_5922_DISP_5192_192206349_data,1,490.0,678.0,DISP,1,483.9458618164063,689.8972778320312,0.001,0.004,0.0,0.957,0.003,0.002,0.033,0.0,0.001,1,ECb,False,,0.0,0.88,666.0
20230310_50000/ECP_10327_DISP_4013_T_51021_183321548_data,1,661.0,852.0,DISP,1,653.531982421875,860.8857421875,0.002,0.003,0.0,0.871,0.003,0.002,0.119,0.0,0.001,1,ECb,False,,0.0,0.45,744.0
20230310_45000/ECE_10932_DISP_11697_ECE_8606_173044842_data,1,464.0,550.0,DISP,1,456.0644836425781,554.8947143554688,0.002,0.002,0.904,0.0,0.003,0.002,0.086,0.001,0.001,1,ECa,False,,0.0,0.4,103.0
20230310_5000/EC_2448_EC_2371_DISP_4296_122631864_data,1,402.0,510.0,ECa,1,400.5381164550781,511.7167053222656,0.007,0.002,0.174,0.001,0.003,0.002,0.804,0.005,0.002,1,DISP,False,,0.0,0.91,271.0
20230310_30000/ECP_9470_DISP_8612_15392166_data,1,470.0,673.0,DISP,1,470.4420166015625,675.0533447265625,0.077,0.003,0.0,0.895,0.003,0.003,0.016,0.0,0.001,1,ECb,False,,0.0,0.34,284.0
20230310_70000/CE_1134_EC_2756_DISP_11484_ECP_377_210359253_data,1,481.0,612.0,ECb,1,478.9295043945313,614.9784545898438,0.004,0.001,0.0,0.208,0.001,0.001,0.783,0.001,0.001,1,DISP,False,,0.0,0.83,212.0
20230310_35000/CE_5733_ECE_8747_E_8376_ECE_8583_161352709_data,1,6.0,122.0,ECa,1,6.212318420410156,126.98458099365234,0.003,0.972,0.013,0.003,0.001,0.001,0.001,0.003,0.002,0,E,False,,0.0,0.74,457.0
20230310_30000/DISP_10724_153530330_data,1,189.0,421.0,DISP,1,188.0663146972656,424.1904602050781,0.023,0.002,0.0,0.913,0.003,0.003,0.055,0.0,0.001,0,ECb,False,,0.0,0.36,inf
20230310_70000/T_7743_EC_586_DISP_10203_21302123_data,1,201.0,472.0,ECb,1,203.8383331298828,473.12396240234375,0.013,0.005,0.001,0.118,0.003,0.001,0.852,0.004,0.002,1,DISP,False,,0.0,0.51,360.0
20230310_10000/SR_4909_DISP_7945_T_50829_131340413_data,1,673.0,910.0,DISP,1,672.3763427734375,909.9398193359376,0.004,0.006,0.0,0.797,0.003,0.001,0.187,0.0,0.001,1,ECb,False,,0.0,0.24,397.0
20230310_65000/DISP_3443_EC_1045_ECE_4552_EC_705_200708455_data,1,204.0,286.0,DISP,1,203.3445739746093,283.4120483398437,0.002,0.001,0.702,0.0,0.003,0.002,0.288,0.001,0.001,0,ECa,False,,0.0,0.82,123.0
20230310_55000/ECP_2925_EC_1121_DISP_2070_ECE_5698_184024767_data,1,575.0,633.0,DISP,1,573.2767333984375,633.3123779296875,0.006,0.003,0.883,0.0,0.004,0.002,0.099,0.001,0.002,2,ECa,False,,0.0,0.73,494.0
20230310_15000/E_4895_ECE_3213_E_7470_T_50269_135802130_data,1,38.0,235.0,E,1,38.299224853515625,238.04507446289065,0.002,0.037,0.0,0.946,0.005,0.003,0.005,0.0,0.002,0,ECb,False,,0.0,0.28,662.0
20230310_45000/DISP_8170_ECE_201_ECP_1485_175723554_data,1,221.0,379.0,DISP,1,220.3089904785156,377.5395202636719,0.008,0.007,0.0,0.722,0.004,0.003,0.252,0.003,0.002,0,ECb,False,,0.0,1.0,95.0
20230310_70000/SR_4844_DISP_7181_210509675_data,1,541.0,798.0,DISP,1,535.4319458007812,802.7572631835938,0.005,0.003,0.777,0.0,0.006,0.004,0.201,0.001,0.002,1,ECa,False,,0.0,0.58,20.0
20230310_75000/DISP_5683_EC_1924_214723962_data,1,120.0,600.0,DISP,1,123.70970153808594,600.7357177734375,0.006,0.001,0.0,0.722,0.001,0.001,0.268,0.0,0.001,0,ECb,False,,0.0,0.9,inf
20230310_10000/E_912_DISP_7140_SR_4905_130559940_data,1,27.0,225.0,E,1,23.848487854003903,227.82986450195312,0.007,0.215,0.0,0.761,0.007,0.003,0.003,0.001,0.002,0,ECb,False,,0.0,0.23,513.0
20230310_45000/SR_1335_EC_2389_EC_2411_174926949_data,1,864.0,965.0,ECa,1,862.62109375,966.42919921875,0.012,0.004,0.265,0.002,0.005,0.005,0.701,0.004,0.002,2,DISP,False,,0.0,0.58,321.0
20230310_60000/SR_4550_DISP_6330_193352639_data,1,823.0,969.0,DISP,1,833.40185546875,971.703125,0.007,0.002,0.705,0.0,0.002,0.003,0.279,0.001,0.001,1,ECa,False,,0.0,0.35,267.0
20230310_50000/E_9068_EC_1219_EC_1201_DISP_7822_18024829_data,1,781.0,978.0,DISP,1,779.919189453125,978.7408447265624,0.001,0.974,0.003,0.012,0.004,0.0,0.002,0.002,0.002,3,E,False,,0.0,0.88,207.0
20230310_75000/ECP_901_EC_3208_EC_816_215825590_data,1,799.0,929.0,ECa,1,796.6564331054688,931.0698852539062,0.005,0.002,0.044,0.003,0.002,0.001,0.939,0.002,0.002,2,DISP,False,,0.0,0.39,86.0
20230310_80000/DISP_8545_E_11832_DISP_12384_EC_766_224756828_data,1,51.0,148.0,DISP,1,49.68653106689453,145.46539306640625,0.002,0.002,0.0,0.855,0.002,0.003,0.134,0.0,0.001,0,ECb,False,,0.0,0.3,45.0
20230310_30000/ECP_12177_EC_3126_152848125_data,1,550.0,839.0,ECa,1,582.4593505859375,837.6689453125,0.007,0.002,0.226,0.001,0.003,0.003,0.754,0.003,0.002,1,DISP,False,,0.0,0.47,668.0
20230310_5000/SR_4792_DISP_692_SR_1473_CE_3406_120909161_data,1,397.0,536.0,DISP,1,398.0753784179688,537.1516723632812,0.006,0.002,0.0,0.706,0.002,0.001,0.282,0.0,0.001,1,ECb,False,,0.0,0.54,424.0
20230310_25000/SR_16_EC_631_DISP_9175_151228720_data,1,716.0,895.0,DISP,1,723.119873046875,900.3563232421875,0.052,0.007,0.712,0.001,0.005,0.007,0.203,0.008,0.005,2,ECa,False,,0.0,0.6,417.0
20230310_25000/SR_1327_ECE_948_EC_2148_151439700_data,1,714.0,899.0,ECb,1,711.9635009765625,897.8197021484375,0.05,0.007,0.002,0.134,0.005,0.002,0.788,0.008,0.003,2,DISP,False,,0.0,0.69,628.0
20230310_20000/ECP_1060_DISP_4284_DISP_9697_T_50154_141819142_data,1,280.0,491.0,DISP,1,281.9677734375,516.417236328125,0.004,0.002,0.0,0.959,0.003,0.003,0.027,0.0,0.001,1,ECb,False,,0.0,0.2,40.0
20230310_5000/DISP_3181_CE_531_DISP_2906_E_1366_12034967_data,1,35.0,93.0,DISP,1,35.06584548950195,93.02839660644533,0.013,0.006,0.0,0.763,0.003,0.003,0.208,0.001,0.003,0,ECb,False,,0.0,0.62,969.0
20230310_20000/SR_2776_DISP_10951_ECE_1485_T_50011_141838494_data,1,353.0,472.0,DISP,1,352.0765075683594,467.9348449707031,0.003,0.002,0.0,0.901,0.002,0.002,0.09,0.0,0.001,1,ECb,False,,0.0,0.43,276.0
20230310_20000/EC_3457_DISP_966_142804364_data,1,662.0,850.0,DISP,1,662.107421875,848.53173828125,0.001,0.004,0.0,0.708,0.004,0.002,0.279,0.001,0.001,1,ECb,False,,0.0,0.22,893.0
20230310_45000/EC_1540_CE_471_DISP_10576_DISP_4035_172438852_data,1,90.0,192.0,ECb,1,87.2965087890625,196.02545166015625,0.001,0.001,0.002,0.034,0.002,0.001,0.958,0.001,0.001,0,DISP,False,,0.0,0.86,497.0
20230310_75000/ECP_9500_DISP_7091_E_7337_221455911_data,1,176.0,327.0,DISP,1,166.60348510742188,337.1491394042969,0.001,0.001,0.957,0.0,0.003,0.002,0.035,0.0,0.0,1,ECa,False,,0.0,0.38,184.0
20230310_60000/EC_2599_EC_1227_DISP_19_DISP_5183_195827395_data,1,67.0,234.0,ECa,1,65.99982452392578,235.2317810058593,0.002,0.943,0.018,0.019,0.008,0.002,0.003,0.002,0.003,0,E,False,,0.0,0.92,874.0
20230310_60000/EC_2599_EC_1227_DISP_19_DISP_5183_195827395_data,1,368.0,537.0,ECb,1,364.843505859375,536.1842041015625,0.002,0.002,0.001,0.202,0.003,0.002,0.785,0.001,0.001,1,DISP,False,,0.0,0.77,487.0
20230310_45000/CE_2485_DISP_5761_ECE_9918_174109599_data,1,370.0,538.0,DISP,1,386.4589538574219,522.18701171875,0.001,0.001,0.0,0.991,0.001,0.001,0.005,0.0,0.0,1,ECb,False,,0.0,0.23,526.0
20230310_45000/ECP_8428_E_4769_ECE_7562_E_1637_172325784_data,1,792.0,995.0,E,1,786.75830078125,999.6444091796876,0.001,0.019,0.0,0.971,0.003,0.002,0.003,0.0,0.001,3,ECb,False,,0.0,0.36,654.0
20230310_70000/E_9536_E_12215_DISP_8642_ECE_11617_210230112_data,1,586.0,675.0,DISP,1,582.4724731445312,678.0664672851562,0.001,0.002,0.0,0.973,0.002,0.003,0.018,0.0,0.0,2,ECb,False,,0.0,0.47,787.0
20230310_60000/DISP_2378_DISP_1287_T_50721_192849300_data,1,231.0,455.0,DISP,1,231.52877807617188,456.7932434082031,0.006,0.002,0.0,0.966,0.002,0.002,0.022,0.0,0.001,0,ECb,False,,0.0,0.78,483.0
20230310_35000/E_1042_DISP_11607_DISP_8931_ECE_4109_160941128_data,1,483.0,554.0,DISP,1,483.2790832519531,556.0869140625,0.001,0.002,0.0,0.972,0.002,0.002,0.021,0.0,0.001,2,ECb,False,,0.0,0.43,65.0
20230310_30000/ECP_9082_DISP_12439_T_8721_15421147_data,1,579.0,828.0,DISP,1,566.2344970703125,842.183349609375,0.035,0.003,0.0,0.919,0.003,0.002,0.037,0.0,0.001,1,ECb,False,,0.0,0.77,554.0
20230310_15000/CE_4876_133240639_data,1,523.0,958.0,ECb,1,529.721435546875,956.0189208984376,0.001,0.96,0.002,0.029,0.003,0.0,0.002,0.001,0.002,0,E,False,,0.0,0.91,inf
20230310_55000/DISP_1501_DISP_1327_T_50032_19234520_data,1,601.0,772.0,DISP,1,593.7891235351562,778.2684936523438,0.005,0.002,0.0,0.94,0.002,0.002,0.048,0.0,0.001,1,ECb,False,,0.0,0.69,386.0
20230310_65000/DISP_6338_T_50107_20543441_data,1,252.0,688.0,DISP,1,249.59909057617188,704.145751953125,0.001,0.001,0.0,0.981,0.001,0.002,0.014,0.0,0.0,0,ECb,False,,0.0,0.3,inf
20230310_25000/EC_2299_DISP_4711_ECP_10291_150046419_data,1,254.0,437.0,ECa,1,265.8170471191406,428.7765197753906,0.001,0.002,0.07,0.003,0.004,0.002,0.916,0.001,0.001,0,DISP,False,,0.0,0.24,58.0
20230310_5000/CE_3694_E_7456_E_413_123454212_data,1,715.0,983.0,E,1,706.3385009765625,984.4178466796876,0.001,0.137,0.0,0.851,0.002,0.003,0.003,0.0,0.002,2,ECb,False,,0.0,0.94,178.0
20230310_30000/DISP_6996_152346616_data,1,296.0,538.0,DISP,1,290.3324279785156,543.067138671875,0.016,0.008,0.0,0.809,0.005,0.004,0.151,0.003,0.003,0,ECb,False,,0.0,0.33,inf
20230310_40000/SR_2576_E_2581_E_6085_165256981_data,1,780.0,987.0,E,1,778.5946655273438,987.0667114257812,0.002,0.037,0.0,0.954,0.002,0.002,0.002,0.0,0.002,2,ECb,False,,0.0,0.32,461.0
20230310_15000/EC_1276_DISP_6338_EC_2411_T_50736_132321156_data,1,473.0,577.0,DISP,1,470.278564453125,577.4737548828125,0.013,0.003,0.0,0.823,0.004,0.003,0.153,0.0,0.001,1,ECb,False,,0.0,0.29,858.0
20230310_35000/DISP_8261_ECP_50012_16435599_data,1,126.0,344.0,DISP,1,119.88481903076172,342.54302978515625,0.009,0.006,0.0,0.813,0.006,0.004,0.159,0.001,0.002,0,ECb,False,,0.0,0.28,inf
20230310_50000/ECE_11085_EC_3225_DISP_12735_DISP_10313_183036844_data,1,367.0,451.0,ECb,1,365.0036010742188,449.00830078125,0.001,0.001,0.0,0.257,0.002,0.001,0.736,0.001,0.001,1,DISP,False,,0.0,0.46,152.0
20230310_50000/ECE_11085_EC_3225_DISP_12735_DISP_10313_183036844_data,1,488.0,578.0,DISP,1,485.4237976074219,581.4522094726562,0.003,0.003,0.0,0.859,0.002,0.002,0.13,0.001,0.001,2,ECb,False,,0.0,0.69,152.0
20230310_15000/E_12133_DISP_11873_DISP_9976_E_11967_135301509_data,1,318.0,393.0,DISP,1,314.3612976074219,395.8549499511719,0.001,0.003,0.0,0.804,0.003,0.002,0.186,0.0,0.001,1,ECb,False,,0.0,0.31,240.0
20230310_45000/DISP_4215_175722609_data,1,347.0,734.0,DISP,1,349.60662841796875,733.2527465820312,0.067,0.013,0.001,0.776,0.005,0.005,0.125,0.004,0.005,0,ECb,False,,0.0,0.99,inf
20230310_65000/CE_1896_CE_2975_DISP_7906_204721552_data,1,736.0,824.0,DISP,1,728.8572998046875,830.0606689453125,0.003,0.004,0.0,0.927,0.002,0.002,0.061,0.001,0.001,2,ECb,False,,0.0,0.36,242.0
20230310_50000/ECP_11284_DISP_1477_EC_2855_CE_5476_181210936_data,1,220.0,340.0,DISP,1,220.3671722412109,336.88507080078125,0.001,0.003,0.0,0.809,0.003,0.002,0.181,0.0,0.001,1,ECb,False,,0.0,0.22,117.0
20230310_15000/EC_1959_EC_1139_EC_2243_DISP_2975_135549201_data,1,132.0,263.0,ECa,1,128.07696533203125,265.96612548828125,0.008,0.003,0.243,0.001,0.003,0.002,0.736,0.002,0.002,0,DISP,False,,0.0,0.6,680.0
20230310_5000/E_748_DISP_3443_ECE_3970_12393162_data,1,402.0,514.0,DISP,1,399.65325927734375,516.0845947265625,0.013,0.003,0.0,0.898,0.002,0.003,0.081,0.0,0.001,1,ECb,False,,0.0,0.23,817.0
20230310_80000/ECP_2072_DISP_10156_SR_3922_22234214_data,1,220.0,450.0,DISP,1,224.5780029296875,449.8889770507813,0.032,0.003,0.0,0.837,0.004,0.003,0.117,0.001,0.002,1,ECb,False,,0.0,0.34,180.0
20230310_35000/EC_2131_160538680_data,1,114.0,640.0,ECa,1,113.77548217773438,634.105224609375,0.008,0.002,0.264,0.001,0.002,0.002,0.718,0.001,0.002,0,DISP,False,,0.0,0.79,inf
20230310_5000/ECP_11295_EC_1138_T_50349_123212594_data,1,622.0,823.0,ECa,1,621.4180297851562,819.2266235351562,0.015,0.003,0.181,0.002,0.004,0.003,0.788,0.003,0.002,1,DISP,False,,0.0,0.47,740.0
20230310_70000/DISP_4449_ECP_12155_212642766_data,1,218.0,468.0,DISP,1,216.3026123046875,476.78607177734375,0.032,0.004,0.0,0.891,0.004,0.004,0.063,0.001,0.001,0,ECb,False,,0.0,0.77,inf
20230310_75000/EC_3342_CE_1415_T_50026_21454719_data,1,229.0,369.0,ECa,1,227.80123901367188,372.1435241699219,0.01,0.001,0.137,0.001,0.002,0.002,0.845,0.002,0.001,0,DISP,False,,0.0,0.62,563.0
20230310_80000/DISP_3734_222328571_data,1,190.0,431.0,DISP,1,186.2445068359375,433.1063232421875,0.005,0.005,0.0,0.939,0.004,0.004,0.042,0.0,0.001,0,ECb,False,,0.0,0.23,inf
20230310_80000/EC_2521_DISP_10328_SR_3885_ECE_5_222015963_data,1,122.0,254.0,ECa,1,118.60646057128906,255.9488677978516,0.002,0.002,0.176,0.001,0.001,0.001,0.815,0.001,0.001,0,DISP,False,,0.0,0.52,522.0
20230310_55000/SR_1419_ECE_6344_EC_1315_191853490_data,1,733.0,978.0,ECa,1,732.1193237304688,985.2185668945312,0.006,0.037,0.001,0.912,0.008,0.01,0.02,0.001,0.004,2,ECb,False,,0.0,0.3,969.0
20230310_45000/ECE_127_DISP_7747_E_6647_CE_119_173026445_data,1,318.0,425.0,DISP,1,315.42303466796875,425.9810180664063,0.011,0.004,0.0,0.823,0.003,0.003,0.153,0.001,0.001,1,ECb,False,,0.0,0.45,191.0
20230310_20000/SR_80_E_513_EC_816_CE_4651_143518523_data,1,579.0,655.0,ECb,1,577.8805541992188,666.4895629882812,0.002,0.006,0.003,0.1,0.004,0.002,0.876,0.004,0.003,2,DISP,False,,0.0,0.75,765.0
20230310_40000/CE_5755_EC_2882_ECE_5608_ECP_50121_171607936_data,1,391.0,484.0,ECa,1,379.0569152832031,484.6258850097656,0.001,0.001,0.121,0.001,0.003,0.002,0.869,0.001,0.001,1,DISP,False,,0.0,0.34,858.0
20230310_10000/DISP_6472_DISP_8748_13154791_data,1,102.0,244.0,DISP,1,100.80464935302734,246.78121948242188,0.001,0.002,0.0,0.974,0.001,0.001,0.02,0.0,0.0,0,ECb,False,,0.0,0.4,inf
20230310_70000/EC_2095_E_6479_DISP_443_ECE_6394_212941520_data,1,284.0,502.0,E,1,281.0549621582031,503.6763000488281,0.005,0.139,0.001,0.823,0.013,0.005,0.01,0.001,0.004,1,ECb,False,,0.0,0.51,200.0
20230310_50000/E_4484_DISP_9348_DISP_2052_ECP_10203_18145511_data,1,639.0,728.0,DISP,1,637.653076171875,725.46240234375,0.005,0.004,0.0,0.851,0.004,0.004,0.128,0.001,0.002,2,ECb,False,,0.0,0.32,746.0
20230310_50000/E_7456_DISP_8695_EC_544_182208136_data,1,391.0,501.0,DISP,1,387.2594604492188,507.22857666015625,0.003,0.002,0.0,0.987,0.001,0.002,0.004,0.0,0.0,1,ECb,False,,0.0,0.66,315.0
20230310_15000/CE_1492_T_50536_133017432_data,1,40.0,588.0,ECa,1,47.651763916015625,577.3175048828125,0.014,0.824,0.099,0.015,0.005,0.005,0.025,0.005,0.007,0,E,False,,0.0,0.99,inf
20230310_15000/EC_434_SR_4616_135113110_data,1,44.0,343.0,ECa,1,43.385528564453125,347.8043518066406,0.009,0.003,0.277,0.001,0.002,0.003,0.702,0.002,0.001,0,DISP,False,,0.0,0.76,inf
20230310_35000/SR_3260_DISP_81_162614954_data,1,682.0,918.0,DISP,1,685.05908203125,912.8502197265624,0.002,0.001,0.0,0.982,0.001,0.001,0.012,0.0,0.0,1,ECb,False,,0.0,0.22,680.0
20230310_50000/EC_738_E_7158_18352236_data,1,468.0,820.0,E,1,466.7691955566406,824.9967041015625,0.001,0.011,0.0,0.982,0.002,0.001,0.002,0.0,0.0,1,ECb,False,,0.0,0.21,202.0
20230310_80000/E_2638_DISP_4833_ECE_5309_T_50666_223813341_data,1,215.0,408.0,DISP,1,223.08450317382807,410.5326843261719,0.002,0.843,0.039,0.026,0.027,0.001,0.053,0.005,0.005,1,E,False,,0.0,0.57,93.0
20230310_50000/CE_1360_DISP_10932_SR_4227_DISP_9912_181816394_data,1,429.0,560.0,DISP,1,424.60748291015625,557.0944213867188,0.015,0.007,0.0,0.87,0.007,0.002,0.095,0.001,0.002,1,ECb,False,,0.0,0.28,597.0
20230310_20000/ECE_4580_EC_1909_EC_523_SR_2816_14153571_data,1,418.0,508.0,ECb,1,417.8667602539063,507.4177856445313,0.004,0.004,0.001,0.14,0.003,0.001,0.842,0.003,0.001,1,DISP,False,,0.0,0.29,182.0
20230310_45000/E_2296_DISP_5926_DISP_7136_CE_2724_173759913_data,1,546.0,653.0,DISP,1,542.7578735351562,653.9385375976562,0.004,0.001,0.0,0.97,0.001,0.002,0.021,0.0,0.001,2,ECb,False,,0.0,0.71,677.0
20230310_80000/DISP_1320_EC_1128_DISP_1608_EC_2462_223205633_data,1,72.0,164.0,DISP,1,68.97925567626953,164.10897827148438,0.006,0.003,0.0,0.759,0.003,0.003,0.223,0.001,0.001,0,ECb,False,,0.0,0.8,36.0
20230310_65000/DISP_3924_204209953_data,1,224.0,456.0,DISP,1,213.33905029296875,465.46429443359375,0.002,0.003,0.0,0.931,0.003,0.002,0.057,0.0,0.001,0,ECb,False,,0.0,0.32,inf
20230310_30000/DISP_5051_154908550_data,1,427.0,943.0,DISP,1,425.9155883789063,947.9437866210938,0.001,0.728,0.004,0.201,0.01,0.002,0.046,0.004,0.004,0,E,False,,0.0,0.22,inf
20230310_55000/DISP_138_ECE_7937_191544811_data,1,191.0,372.0,DISP,1,181.3465881347656,385.0341491699219,0.011,0.002,0.0,0.832,0.002,0.002,0.149,0.001,0.001,0,ECb,False,,0.0,0.45,inf
20230310_15000/DISP_6036_E_3749_ECE_2867_EC_1315_133404351_data,1,91.0,198.0,DISP,1,89.64067840576172,195.85250854492188,0.005,0.004,0.0,0.921,0.006,0.002,0.059,0.001,0.002,0,ECb,False,,0.0,0.94,79.0
20230310_5000/CE_1059_CE_4923_SR_1823_T_51022_123458952_data,1,5.0,192.0,ECa,1,6.609100341796875,196.4543914794922,0.0,0.985,0.003,0.006,0.002,0.0,0.001,0.002,0.001,0,E,False,,0.0,0.65,718.0
20230310_25000/CE_4261_DISP_6041_DISP_7001_14510452_data,1,529.0,660.0,DISP,1,529.6668701171875,656.66357421875,0.034,0.007,0.0,0.76,0.004,0.003,0.188,0.001,0.003,1,ECb,False,,0.0,0.79,170.0
20230310_20000/DISP_11967_E_3479_DISP_8513_DISP_6540_141014211_data,1,597.0,690.0,DISP,1,591.5037231445312,694.6021118164062,0.002,0.002,0.753,0.0,0.002,0.003,0.235,0.002,0.001,2,ECa,False,,0.0,0.44,893.0
20230310_40000/DISP_4942_SR_2339_17222079_data,1,230.0,455.0,DISP,1,234.68386840820312,459.9541931152344,0.029,0.084,0.001,0.817,0.021,0.003,0.039,0.001,0.003,0,ECb,False,,0.0,0.34,inf
20230310_55000/CE_502_EC_403_DISP_10887_T_50902_184558302_data,1,19.0,301.0,ECa,1,23.936004638671875,302.154541015625,0.001,0.005,0.0,0.983,0.002,0.002,0.006,0.0,0.001,0,ECb,False,,0.0,0.35,572.0
20230310_30000/DISP_5700_ECE_295_DISP_8294_SR_3681_152119703_data,1,693.0,795.0,DISP,1,690.0850830078125,792.61279296875,0.003,0.002,0.0,0.869,0.002,0.002,0.121,0.0,0.001,2,ECb,False,,0.0,0.74,310.0
20230310_25000/CE_903_EC_299_CE_331_145306115_data,1,337.0,509.0,ECb,1,339.8730163574219,509.2936706542969,0.004,0.004,0.001,0.22,0.003,0.002,0.762,0.003,0.002,1,DISP,False,,0.0,0.33,343.0
20230310_50000/E_3974_ECE_756_183310549_data,1,9.0,356.0,E,1,11.256057739257812,361.3697509765625,0.088,0.091,0.001,0.769,0.009,0.009,0.026,0.002,0.004,0,ECb,False,,0.0,0.38,inf
20230310_60000/E_3758_SR_2626_DISP_512_200309917_data,1,735.0,916.0,DISP,1,741.0438842773438,912.9335327148438,0.001,0.005,0.0,0.83,0.004,0.002,0.156,0.0,0.001,2,ECb,False,,0.0,0.69,54.0
20230310_70000/DISP_8161_EC_3366_EC_1333_EC_2448_213349410_data,1,94.0,190.0,DISP,1,92.3678970336914,189.345458984375,0.003,0.002,0.0,0.903,0.002,0.003,0.085,0.001,0.001,0,ECb,False,,0.0,0.99,189.0
20230310_55000/CE_681_SR_4326_CE_5703_191428613_data,1,21.0,252.0,ECa,1,20.464035034179688,255.159408569336,0.004,0.796,0.062,0.045,0.012,0.003,0.068,0.004,0.006,0,E,False,,0.0,0.36,862.0
20230310_5000/EC_2640_E_5154_DISP_10110_121324152_data,1,768.0,987.0,DISP,1,768.000732421875,987.4609375,0.001,0.978,0.001,0.014,0.001,0.0,0.001,0.001,0.002,2,E,False,,0.0,0.91,408.0
20230310_75000/T_6559_E_8668_EC_2986_ECP_10148_214434703_data,1,688.0,794.0,ECb,1,685.83349609375,795.6695556640625,0.008,0.004,0.002,0.198,0.003,0.003,0.776,0.005,0.002,2,DISP,False,,0.0,0.48,932.0
20230310_10000/E_6593_DISP_5737_ECP_5728_125708156_data,1,698.0,866.0,DISP,1,687.9227905273438,878.0381469726562,0.017,0.003,0.0,0.947,0.002,0.003,0.028,0.0,0.001,1,ECb,False,,0.0,0.64,444.0
20230310_75000/DISP_7370_SR_2519_DISP_3849_EC_1108_221355132_data,1,9.0,57.0,DISP,1,9.61061668395996,52.27812957763672,0.003,0.002,0.0,0.926,0.001,0.003,0.064,0.0,0.001,0,ECb,False,,0.0,0.57,108.0
20230310_65000/ECP_917_E_6998_EC_1874_204153796_data,1,683.0,832.0,ECa,1,684.335205078125,831.9552001953125,0.006,0.002,0.169,0.002,0.003,0.004,0.809,0.003,0.001,2,DISP,False,,0.0,0.31,876.0
20230310_25000/EC_794_E_5939_ECE_1822_E_3721_145453955_data,1,257.0,410.0,E,1,251.9434356689453,416.716064453125,0.001,0.006,0.0,0.982,0.004,0.002,0.004,0.0,0.001,1,ECb,False,,0.0,0.29,190.0
20230310_40000/EC_972_DISP_5573_EC_947_EC_2655_171319781_data,1,265.0,348.0,DISP,1,267.7201538085937,342.88775634765625,0.001,0.004,0.0,0.953,0.002,0.002,0.037,0.0,0.001,1,ECb,False,,0.0,0.82,450.0
20230310_45000/ECP_11767_E_11418_DISP_9246_EC_3198_175646465_data,1,755.0,995.0,ECa,1,761.7156372070312,999.5025024414062,0.001,0.036,0.0,0.945,0.006,0.003,0.007,0.0,0.001,3,ECb,False,,0.0,0.71,1.0
20230310_80000/SR_3772_EC_1298_DISP_7427_E_3061_221712452_data,1,669.0,769.0,DISP,1,666.913330078125,768.727294921875,0.005,0.003,0.0,0.893,0.002,0.004,0.09,0.001,0.001,2,ECb,False,,0.0,0.34,980.0
20230310_80000/CE_3616_E_1790_EC_1818_T_50128_222316711_data,1,747.0,846.0,ECa,1,745.3923950195312,847.5934448242188,0.0,0.001,0.13,0.001,0.002,0.001,0.864,0.001,0.0,2,DISP,False,,0.0,0.53,791.0
20230310_25000/EC_1838_SR_3523_EC_2746_EC_1394_144338858_data,1,344.0,495.0,ECb,1,342.20751953125,496.660888671875,0.002,0.003,0.001,0.205,0.004,0.003,0.779,0.002,0.002,2,DISP,False,,0.0,0.86,197.0
20230310_30000/ECP_4218_EC_189_154725304_data,1,401.0,854.0,ECa,1,384.0145568847656,866.5538330078125,0.096,0.008,0.149,0.005,0.003,0.007,0.72,0.008,0.004,1,DISP,False,,0.0,0.3,408.0
20230310_65000/EC_2747_E_3808_202249110_data,1,169.0,362.0,ECa,1,166.03292846679688,365.5007629394531,0.002,0.003,0.184,0.002,0.005,0.003,0.796,0.003,0.002,0,DISP,False,,0.0,0.98,inf
20230310_20000/DISP_10709_EC_3046_EC_3371_EC_3346_143411578_data,1,678.0,986.0,ECa,1,684.7882080078125,988.880126953125,0.006,0.13,0.003,0.806,0.01,0.014,0.024,0.002,0.005,3,ECb,False,,0.0,0.43,86.0
20230310_20000/ECE_465_EC_1513_EC_2016_EC_2066_142215136_data,1,850.0,988.0,ECb,1,848.2520141601562,988.3095092773438,0.002,0.001,0.0,0.167,0.001,0.001,0.826,0.001,0.001,3,DISP,False,,0.0,0.83,503.0
20230310_45000/EC_976_E_1757_DISP_2890_173733945_data,1,684.0,776.0,DISP,1,682.2791137695312,777.5588989257812,0.002,0.003,0.0,0.831,0.003,0.002,0.158,0.0,0.001,2,ECb,False,,0.0,0.24,280.0
20230310_35000/DISP_187_ECE_3303_T_50655_164204915_data,1,176.0,332.0,DISP,1,177.51675415039062,333.6540222167969,0.005,0.003,0.0,0.85,0.003,0.002,0.135,0.001,0.001,0,ECb,False,,0.0,0.81,117.0
20230310_20000/DISP_8148_T_3408_141149599_data,1,188.0,509.0,DISP,1,182.8516845703125,514.2274169921875,0.048,0.004,0.0,0.801,0.005,0.004,0.136,0.001,0.001,0,ECb,False,,0.0,0.54,inf
20230310_35000/DISP_1685_ECE_5077_EC_533_162728780_data,1,177.0,307.0,DISP,1,177.51559448242188,303.9255065917969,0.002,0.001,0.0,0.978,0.001,0.002,0.016,0.0,0.0,0,ECb,False,,0.0,0.89,117.0
20230310_10000/DISP_3586_12433470_data,1,339.0,597.0,DISP,1,342.10211181640625,598.153564453125,0.008,0.007,0.0,0.774,0.004,0.001,0.204,0.0,0.001,0,ECb,False,,0.0,0.24,inf
20230310_40000/EC_165_CE_5725_164727325_data,1,261.0,445.0,ECb,1,261.243896484375,443.3263549804688,0.001,0.004,0.001,0.197,0.004,0.002,0.79,0.001,0.001,0,DISP,False,,0.0,0.21,inf
20230310_15000/EC_1306_DISP_679_E_4237_133747457_data,1,215.0,320.0,ECa,1,212.5296173095703,321.10498046875,0.003,0.002,0.02,0.006,0.003,0.001,0.961,0.003,0.001,0,DISP,False,,0.0,0.5,793.0
20230310_10000/ECE_9984_ECE_11835_CE_1302_DISP_9308_124944369_data,1,921.0,976.0,DISP,1,922.5902709960938,975.6469116210938,0.002,0.002,0.815,0.0,0.003,0.002,0.175,0.001,0.001,3,ECa,False,,0.0,0.48,462.0
20230310_25000/DISP_12679_CE_1308_EC_3404_DISP_12584_15090190_data,1,11.0,57.0,DISP,1,10.180036544799805,54.862335205078125,0.005,0.002,0.0,0.948,0.001,0.006,0.036,0.001,0.001,0,ECb,False,,0.0,0.46,155.0
20230310_55000/DISP_1531_SR_1473_T_50751_192541618_data,1,223.0,489.0,DISP,1,207.33206176757807,503.3764343261719,0.004,0.006,0.0,0.855,0.005,0.003,0.124,0.001,0.001,0,ECb,False,,0.0,0.95,398.0
20230310_25000/ECP_9556_EC_1713_EC_3187_145826671_data,1,724.0,862.0,ECb,1,725.066162109375,871.1265869140625,0.102,0.005,0.004,0.129,0.005,0.004,0.746,0.003,0.002,2,DISP,False,,0.0,0.72,668.0
20230310_25000/EC_2565_DISP_11266_ECE_2599_E_6390_150613527_data,1,371.0,430.0,DISP,1,370.5807189941406,428.8123474121094,0.001,0.002,0.0,0.97,0.001,0.003,0.021,0.0,0.001,1,ECb,False,,0.0,0.73,106.0
20230310_35000/EC_1645_EC_3285_162425934_data,1,660.0,808.0,ECa,1,654.2205810546875,813.2744140625,0.001,0.001,0.07,0.001,0.003,0.001,0.921,0.001,0.001,1,DISP,False,,0.0,0.3,908.0
20230310_35000/T_2187_EC_104_EC_203_EC_450_155724243_data,1,724.0,946.0,ECa,1,720.2666625976562,950.7794799804688,0.003,0.001,0.13,0.001,0.001,0.001,0.861,0.002,0.001,3,DISP,False,,0.0,0.62,584.0
20230310_75000/CE_1573_EC_1231_E_5359_E_7323_220245730_data,1,835.0,992.0,E,1,830.3665771484375,994.0740966796876,0.001,0.264,0.001,0.717,0.005,0.004,0.005,0.001,0.002,3,ECb,False,,0.0,0.52,279.0
20230310_35000/T_901_DISP_9237_161233103_data,1,307.0,559.0,DISP,1,302.53045654296875,565.6773681640625,0.043,0.006,0.0,0.801,0.005,0.003,0.139,0.001,0.002,1,ECb,False,,0.0,0.65,400.0
20230310_5000/EC_129_CE_826_E_10808_121226333_data,1,727.0,998.0,E,1,727.532470703125,1000.0,0.001,0.032,0.0,0.96,0.002,0.001,0.002,0.0,0.001,2,ECb,False,,0.0,0.95,400.0
20230310_65000/T_2428_EC_3167_EC_438_E_11455_201536739_data,1,463.0,592.0,ECa,1,460.9371337890625,592.964599609375,0.004,0.001,0.018,0.002,0.001,0.001,0.973,0.001,0.001,2,DISP,False,,0.0,0.84,450.0
20230310_15000/DISP_3849_EC_1326_DISP_7456_134506367_data,1,111.0,281.0,DISP,1,112.06108856201172,285.20751953125,0.091,0.007,0.0,0.765,0.004,0.004,0.126,0.001,0.002,0,ECb,False,,0.0,0.7,155.0
20230310_70000/ECP_11960_DISP_2535_SR_19_T_50730_205449831_data,1,379.0,488.0,DISP,1,377.6398010253906,488.1638488769531,0.007,0.002,0.0,0.909,0.002,0.003,0.075,0.0,0.001,1,ECb,False,,0.0,0.41,327.0
20230310_75000/DISP_9679_ECE_9573_CE_5447_21523463_data,1,73.0,164.0,DISP,1,72.24861145019531,164.4713897705078,0.001,0.001,0.0,0.979,0.001,0.002,0.014,0.0,0.0,0,ECb,False,,0.0,0.71,90.0
20230310_15000/T_50402_EC_1706_DISP_6036_ECP_51533_133230615_data,1,471.0,605.0,DISP,1,476.5430908203125,607.1107177734375,0.001,0.001,0.9,0.0,0.003,0.004,0.089,0.0,0.001,2,ECa,False,,0.0,0.4,653.0
