file,gt,lgt,rgt,cls,pd,lpd,rpd,bg,E,ECa,ECb,ECE,ECP,DISP,SR,T,rank,pcls,match,IoU,scaling,closest_redox
20230310_55000/T_3759_EC_3432_SR_4608_19141857_data,1,416.0,609.0,ECb,1,414.880859375,606.2904663085938,0.003,0.002,0.001,0.132,0.0,0.0,0.861,0.001,0.0,1,DISP,False,0.980276678002596,0.48,37.0
20230310_30000/DISP_7260_DISP_7560_CE_985_SR_3294_154147733_data,1,85.0,223.0,DISP,1,87.23976135253906,216.2319183349609,0.005,0.002,0.796,0.001,0.001,0.004,0.189,0.001,0.001,0,ECa,False,0.9347257752349408,0.97,174.0
20230310_40000/EC_1306_EC_1369_ECE_12784_170242917_data,1,198.0,295.0,ECa,1,194.8537750244141,297.258056640625,0.006,0.001,0.235,0.001,0.001,0.001,0.755,0.001,0.001,0,DISP,False,0.9472260189621272,0.25,581.0
20230310_80000/SR_1228_SR_4122_E_607_EC_844_224355684_data,1,798.0,897.0,ECa,1,800.4931030273438,894.1942749023438,0.002,0.001,0.191,0.001,0.001,0.001,0.803,0.0,0.001,3,DISP,False,0.9464764835858586,0.52,740.0
20230310_35000/T_8202_EC_3382_DISP_12917_ECE_9738_163212926_data,1,297.0,402.0,DISP,1,296.1587219238281,402.1440124511719,0.005,0.001,0.936,0.0,0.001,0.001,0.054,0.0,0.001,2,ECa,False,0.9907035162856912,0.63,385.0
20230310_40000/EC_3003_DISP_11810_DISP_9727_CE_5323_165107811_data,1,650.0,761.0,DISP,1,656.8345336914062,754.2372436523438,0.002,0.002,0.0,0.762,0.001,0.001,0.231,0.0,0.0,2,ECb,False,0.8775018915399775,0.3,81.0
20230310_5000/T_7599_ECE_9902_EC_2895_120250331_data,1,933.0,992.0,ECa,1,927.6050415039062,990.6586303710938,0.015,0.0,0.135,0.001,0.001,0.001,0.846,0.0,0.001,2,DISP,False,0.8953904423215269,0.44,200.0
20230310_80000/ECE_6721_EC_362_EC_3307_T_50881_224912338_data,1,721.0,850.0,ECa,1,713.086669921875,847.9156494140625,0.004,0.001,0.273,0.001,0.001,0.001,0.718,0.0,0.0,2,DISP,False,0.9269780330493922,0.62,525.0
20230310_30000/EC_2419_151831346_data,1,329.0,596.0,ECb,1,332.8717346191406,590.413818359375,0.035,0.001,0.001,0.134,0.0,0.0,0.828,0.001,0.0,0,DISP,False,0.964577092660054,0.91,inf
20230310_80000/EC_1282_CE_26_EC_1131_223211860_data,1,916.0,979.0,ECa,1,911.6422119140624,979.9990234375,0.002,0.0,0.155,0.001,0.001,0.0,0.841,0.0,0.0,2,DISP,False,0.921634561296047,0.69,355.0
20230310_25000/E_460_CE_4970_EC_2695_E_7416_144436581_data,1,542.0,603.0,ECa,1,538.5935668945312,603.1111450195312,0.003,0.0,0.158,0.001,0.001,0.0,0.836,0.0,0.0,2,DISP,False,0.9454787636605818,0.87,290.0
20230310_40000/ECE_12495_E_9610_170952321_data,1,582.0,823.0,E,1,580.6990966796875,823.6795654296875,0.006,0.066,0.023,0.028,0.002,0.0,0.871,0.003,0.001,1,DISP,False,0.9918492677202064,0.55,737.0
20230310_35000/DISP_11006_ECE_1624_ECE_4947_EC_1139_160157128_data,1,84.0,200.0,DISP,1,91.74136352539062,195.84332275390625,0.001,0.001,0.0,0.78,0.0,0.0,0.217,0.0,0.0,0,ECb,False,0.8974306830044451,0.7,82.0
20230310_30000/ECP_11825_ECE_8433_DISP_12505_15272240_data,1,106.0,211.0,ECP,1,112.0265655517578,209.7516326904297,0.005,0.001,0.002,0.787,0.001,0.18,0.022,0.001,0.001,0,ECb,False,0.9307149251302084,0.98,233.0
20230310_15000/EC_2660_ECE_3351_EC_1767_134046335_data,1,92.0,317.0,ECa,1,94.55660247802734,316.99285888671875,0.001,0.0,0.048,0.001,0.001,0.0,0.949,0.0,0.0,0,DISP,False,0.9886055840386284,0.29,779.0
20230310_15000/EC_2660_ECE_3351_EC_1767_134046335_data,1,870.0,964.0,ECa,1,862.79638671875,968.56103515625,0.001,0.0,0.109,0.001,0.001,0.0,0.887,0.0,0.0,2,DISP,False,0.8887657774946216,0.24,52.0
20230310_75000/SR_3164_DISP_1711_DISP_6206_ECE_10503_220504532_data,1,371.0,457.0,DISP,1,372.88232421875,458.2442626953125,0.001,0.002,0.0,0.943,0.001,0.001,0.052,0.0,0.0,1,ECb,False,0.9641628364150244,0.93,741.0
20230310_55000/T_8894_CE_1380_EC_607_184158984_data,1,563.0,685.0,ECb,1,560.9645385742188,690.2628784179688,0.018,0.001,0.001,0.26,0.001,0.001,0.716,0.001,0.001,2,DISP,False,0.9435542648686004,0.39,216.0
20230310_10000/E_3269_DISP_3226_ECE_4923_EC_2111_130730507_data,1,965.0,995.0,ECa,1,965.24853515625,993.0360107421876,0.014,0.0,0.074,0.001,0.0,0.0,0.91,0.0,0.001,3,DISP,False,0.9262491861979204,0.53,813.0
20230310_35000/EC_2931_ECE_882_E_4692_EC_956_162610343_data,1,96.0,279.0,ECa,1,102.81985473632812,279.3901672363281,0.002,0.801,0.169,0.007,0.006,0.001,0.008,0.002,0.003,0,E,False,0.9606847952575072,0.99,396.0
20230310_60000/DISP_5239_EC_1615_E_4156_EC_1396_200553435_data,1,94.0,205.0,DISP,1,101.50656127929688,198.8272705078125,0.002,0.002,0.0,0.839,0.001,0.001,0.155,0.0,0.0,0,ECb,False,0.8767631462028435,0.36,525.0
20230310_30000/T_2943_DISP_12956_153048796_data,1,477.0,969.0,DISP,1,495.7502136230469,966.1151123046876,0.004,0.932,0.032,0.01,0.002,0.0,0.018,0.001,0.001,1,E,False,0.9560262168326032,0.54,493.0
20230310_30000/ECP_5335_EC_765_ECE_10877_T_50088_153124914_data,1,315.0,521.0,ECb,1,317.3639221191406,517.7988891601562,0.012,0.936,0.016,0.016,0.006,0.0,0.007,0.005,0.002,1,E,False,0.972985276898134,0.49,783.0
20230310_60000/EC_2428_SR_778_DISP_9085_EC_366_192819660_data,1,744.0,865.0,ECa,1,744.9783325195312,863.1657104492188,0.002,0.0,0.132,0.001,0.0,0.0,0.864,0.001,0.0,3,DISP,False,0.9767551895015496,0.78,754.0
20230310_15000/ECE_6403_ECE_3928_CE_4099_ECE_5595_13255094_data,1,853.0,959.0,ECE,1,849.7802734375,961.1396484375,0.001,0.973,0.008,0.006,0.007,0.0,0.002,0.002,0.001,3,E,False,0.951873158411674,0.76,818.0
20230310_15000/EC_1180_EC_2151_SR_251_E_7194_134912913_data,1,41.0,127.0,ECb,1,33.245731353759766,140.4423065185547,0.004,0.001,0.009,0.015,0.001,0.0,0.969,0.0,0.0,0,DISP,False,0.8022644367862583,0.4,178.0
20230310_30000/E_5395_DISP_7842_E_2019_EC_1506_153339497_data,1,862.0,936.0,ECa,1,859.5482177734375,935.626708984375,0.01,0.002,0.205,0.003,0.003,0.001,0.773,0.001,0.001,3,DISP,False,0.9630476470278287,0.33,769.0
20230310_55000/EC_3027_EC_1084_SR_4227_184741991_data,1,493.0,598.0,ECa,1,491.4941101074219,598.5205078125,0.004,0.001,0.091,0.001,0.001,0.0,0.901,0.0,0.0,1,DISP,False,0.981066374758664,0.72,602.0
20230310_50000/EC_2279_E_4757_EC_1214_EC_1331_182457157_data,1,506.0,595.0,ECa,1,504.5169372558594,593.783203125,0.002,0.001,0.11,0.001,0.001,0.0,0.884,0.0,0.001,2,DISP,False,0.9701617127309778,0.95,598.0
20230310_30000/ECP_10358_DISP_12433_E_10283_E_10230_154056648_data,1,0.0,45.0,ECP,1,0.0,48.55350112915039,0.002,0.001,0.005,0.005,0.001,0.042,0.002,0.002,0.94,0,T,False,0.9268126696013492,0.77,293.0
20230310_75000/EC_1856_215249786_data,1,48.0,534.0,ECa,1,53.45616149902344,519.6779174804688,0.004,0.001,0.254,0.001,0.001,0.001,0.738,0.001,0.001,0,DISP,False,0.9593040246531797,0.77,inf
20230310_65000/EC_2756_203047918_data,1,181.0,847.0,ECa,1,188.2312927246093,857.082275390625,0.001,0.001,0.093,0.001,0.001,0.0,0.902,0.001,0.0,0,DISP,False,0.9743913296569844,0.53,inf
20230310_20000/EC_3107_DISP_8209_CE_2946_ECE_8032_1427223_data,1,188.0,268.0,DISP,1,192.8007202148437,261.1895446777344,0.002,0.002,0.0,0.758,0.001,0.001,0.236,0.0,0.0,1,ECb,False,0.8548603057861335,0.82,112.0
20230310_30000/T_8428_ECE_8059_EC_3009_154627366_data,1,685.0,817.0,ECa,1,685.2173461914062,819.9595336914062,0.002,0.001,0.19,0.001,0.001,0.001,0.804,0.0,0.0,2,DISP,False,0.9764605004484036,0.66,824.0
20230310_20000/ECP_12156_ECE_8323_E_11487_T_50373_141453676_data,1,570.0,814.0,E,1,561.2957153320312,809.0687866210938,0.005,0.042,0.013,0.066,0.003,0.0,0.869,0.002,0.0,2,DISP,False,0.946041682416304,0.34,185.0
20230310_5000/EC_2108_123103906_data,1,233.0,513.0,ECb,1,225.08924865722656,521.2074584960938,0.008,0.001,0.001,0.22,0.001,0.001,0.768,0.001,0.0,0,DISP,False,0.9455683260828912,1.0,inf
20230310_25000/CE_681_CE_1354_151123631_data,1,38.0,465.0,ECa,1,34.694549560546875,430.4945373535156,0.032,0.032,0.059,0.037,0.016,0.001,0.819,0.003,0.002,0,DISP,False,0.9121300623840048,0.33,9.0
20230310_60000/E_6325_ECE_3556_EC_267_193605953_data,1,774.0,975.0,ECa,1,777.9318237304688,975.7217407226562,0.006,0.923,0.039,0.007,0.002,0.0,0.019,0.002,0.001,2,E,False,0.976930773864761,0.83,406.0
20230310_45000/CE_1416_EC_3123_DISP_4023_SR_4056_174813406_data,1,365.0,483.0,ECb,1,365.93463134765625,482.5530395507813,0.002,0.0,0.0,0.128,0.0,0.0,0.867,0.0,0.0,1,DISP,False,0.9882915949417378,0.57,43.0
20230310_50000/ECP_4827_EC_1841_CE_450_EC_2622_182712896_data,1,942.0,990.0,ECa,1,943.431640625,989.72119140625,0.014,0.001,0.172,0.002,0.002,0.001,0.808,0.001,0.001,3,DISP,False,0.9643656412760416,0.85,6.0
20230310_10000/EC_873_131258252_data,1,316.0,641.0,ECb,1,317.71368408203125,633.4636840820312,0.01,0.001,0.001,0.255,0.0,0.001,0.731,0.001,0.0,0,DISP,False,0.9715384615384616,0.61,inf
20230310_10000/CE_457_ECE_5910_DISP_2167_E_5397_124303407_data,1,361.0,531.0,ECE,1,355.14874267578125,528.547607421875,0.004,0.734,0.054,0.089,0.092,0.002,0.019,0.003,0.004,1,E,False,0.9527802642489258,0.35,764.0
20230310_10000/CE_457_ECE_5910_DISP_2167_E_5397_124303407_data,1,684.0,743.0,DISP,1,684.2343139648438,743.0143432617188,0.01,0.003,0.0,0.766,0.001,0.001,0.217,0.0,0.001,2,ECb,False,0.9957864950651109,0.53,873.0
20230310_80000/CE_902_EC_3142_EC_3353_EC_614_223538487_data,1,378.0,551.0,ECa,1,380.3553466796875,539.98046875,0.003,0.004,0.195,0.005,0.01,0.001,0.779,0.002,0.001,1,DISP,False,0.9226885668804192,0.62,50.0
20230310_40000/EC_322_EC_588_SR_3702_EC_3407_171219977_data,1,455.0,543.0,ECa,1,456.9518127441406,541.4097900390625,0.007,0.001,0.233,0.001,0.001,0.001,0.752,0.002,0.002,1,DISP,False,0.9597497419877484,0.58,391.0
20230310_30000/EC_340_E_9248_EC_357_SR_750_152324596_data,1,37.0,121.0,ECb,1,32.59663391113281,121.56741333007812,0.004,0.002,0.002,0.205,0.001,0.001,0.784,0.001,0.001,0,DISP,False,0.944130202619234,0.2,299.0
20230310_60000/EC_165_ECE_11089_EC_874_194553527_data,1,240.0,408.0,ECb,1,249.0224609375,400.41455078125,0.003,0.001,0.001,0.161,0.0,0.0,0.832,0.001,0.0,0,DISP,False,0.9011433919270834,0.71,33.0
20230310_55000/T_8585_DISP_12427_EC_226_192004555_data,1,733.0,926.0,ECa,1,722.707763671875,929.5968017578124,0.015,0.001,0.195,0.001,0.001,0.001,0.782,0.002,0.002,2,DISP,False,0.9328672112624538,0.75,190.0
20230310_70000/EC_1712_SR_3523_212211760_data,1,314.0,552.0,ECb,1,319.0247497558594,547.2569580078125,0.023,0.001,0.0,0.163,0.0,0.0,0.812,0.001,0.0,0,DISP,False,0.9589588582014836,0.64,147.0
20230310_35000/EC_1033_SR_1723_163611127_data,1,251.0,462.0,ECb,1,255.17919921875,459.6775512695313,0.002,0.001,0.0,0.17,0.0,0.0,0.826,0.0,0.0,0,DISP,False,0.969186502610338,0.77,170.0
20230310_10000/EC_2998_131408535_data,1,250.0,902.0,ECa,1,264.5453491210937,926.1062622070312,0.003,0.959,0.029,0.003,0.002,0.0,0.003,0.0,0.001,0,E,False,0.9428320465455332,0.56,inf
20230310_75000/ECE_3079_DISP_4799_SR_2626_220935649_data,1,436.0,579.0,DISP,1,446.8379211425781,572.472412109375,0.008,0.001,0.0,0.707,0.001,0.001,0.28,0.0,0.001,1,ECb,False,0.8785628738936845,0.76,138.0
20230310_35000/DISP_5406_CE_4509_CE_2479_DISP_11192_163350955_data,1,61.0,155.0,DISP,1,62.1863899230957,151.7521209716797,0.022,0.002,0.0,0.872,0.001,0.003,0.098,0.001,0.001,0,ECb,False,0.9528269260487658,0.4,351.0
20230310_40000/EC_1511_SR_1720_170618519_data,1,217.0,393.0,ECb,1,218.76112365722656,388.39202880859375,0.009,0.001,0.001,0.245,0.0,0.0,0.744,0.0,0.0,0,DISP,False,0.9638119610873136,0.88,646.0
20230310_55000/DISP_3074_E_5894_DISP_415_DISP_1413_184044414_data,1,492.0,623.0,DISP,1,492.4475708007813,616.8285522460938,0.001,0.002,0.0,0.826,0.001,0.001,0.168,0.0,0.0,2,ECb,False,0.9494731408039118,0.83,332.0
20230310_75000/SR_1281_CE_3544_T_51093_220811245_data,1,396.0,729.0,ECb,1,405.849853515625,728.3504638671875,0.009,0.94,0.028,0.01,0.003,0.0,0.005,0.002,0.002,1,E,False,0.9684703013560436,0.33,374.0
20230310_20000/CE_5202_EC_800_DISP_12550_142707850_data,1,694.0,779.0,DISP,1,692.7636108398438,781.0825805664062,0.009,0.001,0.0,0.903,0.001,0.002,0.082,0.001,0.001,2,ECb,False,0.9624206471515904,0.94,504.0
20230310_70000/SR_3726_E_7454_DISP_8640_ECP_51150_211758833_data,1,551.0,663.0,DISP,1,551.66552734375,665.764404296875,0.005,0.002,0.0,0.823,0.001,0.001,0.168,0.0,0.0,2,ECb,False,0.9701132797957772,0.37,248.0
20230310_70000/EC_1680_EC_3295_205929367_data,1,162.0,286.0,ECa,1,152.43603515625,297.76519775390625,0.007,0.001,0.267,0.001,0.002,0.001,0.72,0.0,0.001,0,DISP,False,0.8532354950898188,0.26,938.0
20230310_60000/EC_2629_ECP_704_20054632_data,1,212.0,624.0,ECa,1,215.38075256347656,614.2891235351562,0.004,0.001,0.082,0.002,0.001,0.001,0.908,0.001,0.0,0,DISP,False,0.968224201387572,0.97,175.0
20230310_20000/EC_1236_CE_448_141430563_data,1,54.0,380.0,ECb,1,59.70237731933594,365.3748779296875,0.009,0.103,0.772,0.004,0.009,0.003,0.092,0.004,0.003,0,ECa,False,0.9376457073937164,0.2,207.0
20230310_60000/E_2252_EC_1959_SR_4101_195728530_data,1,481.0,580.0,ECb,1,483.7957763671875,577.7850341796875,0.01,0.002,0.002,0.226,0.001,0.002,0.755,0.002,0.001,1,DISP,False,0.9493864425505052,0.76,841.0
20230310_75000/ECE_6317_SR_756_DISP_315_DISP_3788_215356564_data,1,809.0,940.0,DISP,1,816.5650634765625,933.6944580078124,0.001,0.001,0.0,0.706,0.0,0.001,0.289,0.0,0.0,3,ECb,False,0.8941175155057243,0.8,501.0
20230310_5000/T_6818_EC_431_EC_3316_12321186_data,1,683.0,860.0,ECa,1,683.3944091796875,859.06201171875,0.024,0.001,0.197,0.002,0.002,0.001,0.771,0.001,0.001,2,DISP,False,0.9924723307291666,0.41,359.0
20230310_45000/E_5430_EC_2632_EC_1563_EC_2157_173406225_data,1,525.0,664.0,ECa,1,523.456787109375,664.7430419921875,0.001,0.001,0.202,0.001,0.001,0.001,0.793,0.0,0.0,2,DISP,False,0.983818278114111,0.24,342.0
20230310_5000/EC_2266_EC_2660_T_50420_120924699_data,1,649.0,835.0,ECa,1,648.0809326171875,834.589599609375,0.001,0.001,0.093,0.002,0.001,0.001,0.9,0.001,0.0,1,DISP,False,0.9928874683998142,0.65,569.0
20230310_70000/E_1781_DISP_8187_CE_4839_205937499_data,1,415.0,545.0,DISP,1,410.2637023925781,548.1959228515625,0.014,0.003,0.0,0.823,0.001,0.001,0.156,0.0,0.001,1,ECb,False,0.942491896145882,0.72,138.0
20230310_45000/DISP_2533_ECE_1980_ECE_652_E_209_174706886_data,1,78.0,170.0,DISP,1,80.2441635131836,167.85519409179688,0.001,0.002,0.0,0.715,0.001,0.001,0.28,0.0,0.0,0,ECb,False,0.9522938106371008,0.95,344.0
20230310_25000/E_6029_T_50518_144824587_data,1,39.0,477.0,E,1,40.26118469238281,495.90533447265625,0.004,0.152,0.113,0.016,0.002,0.0,0.708,0.003,0.002,0,DISP,False,0.955862806486349,0.88,617.0
20230310_5000/E_5137_ECE_1283_12175485_data,1,16.0,381.0,E,1,14.493057250976562,403.0620727539063,0.002,0.146,0.091,0.029,0.003,0.0,0.725,0.002,0.001,0,DISP,False,0.939344068717306,0.77,64.0
20230310_50000/CE_4329_EC_7_T_50978_1820032_data,1,506.0,633.0,ECa,1,506.7091369628906,631.4525146484375,0.023,0.0,0.095,0.001,0.001,0.0,0.877,0.0,0.002,1,DISP,False,0.9822313203586368,0.87,241.0
20230310_10000/EC_2565_124252601_data,1,183.0,831.0,ECa,1,219.462890625,841.2113037109375,0.11,0.845,0.026,0.004,0.003,0.0,0.006,0.005,0.001,0,E,False,0.929089345514438,0.79,inf
20230310_80000/EC_3212_ECE_11502_EC_1651_223814158_data,1,742.0,877.0,ECa,1,745.3058471679688,875.6441040039062,0.005,0.001,0.064,0.001,0.001,0.0,0.925,0.002,0.001,2,DISP,False,0.9654685691550926,0.76,424.0
20230310_40000/T_7238_EC_438_EC_3296_DISP_10775_170203588_data,1,190.0,300.0,ECa,1,192.4146881103516,292.2388000488281,0.018,0.001,0.167,0.002,0.002,0.001,0.808,0.001,0.001,1,DISP,False,0.907491926713423,0.25,200.0
20230310_45000/DISP_4135_EC_2695_EC_2465_175319270_data,1,408.0,480.0,ECa,1,406.8804016113281,480.7518005371094,0.004,0.0,0.097,0.001,0.001,0.0,0.895,0.0,0.001,1,DISP,False,0.9746667999659592,0.76,30.0
20230310_10000/EC_1506_124849354_data,1,301.0,658.0,ECb,1,274.4775085449219,682.4412841796875,0.001,0.001,0.001,0.137,0.0,0.0,0.86,0.0,0.0,0,DISP,False,0.8750776939558684,0.56,inf
20230310_30000/SR_1261_EC_1739_E_5256_154301307_data,1,485.0,646.0,ECa,1,485.1381530761719,644.9360961914062,0.004,0.001,0.149,0.001,0.001,0.0,0.844,0.0,0.0,1,DISP,False,0.9925338081691576,0.53,116.0
20230310_30000/EC_513_CE_1093_153700960_data,1,107.0,259.0,ECb,1,106.0511474609375,258.21588134765625,0.004,0.002,0.001,0.264,0.001,0.001,0.726,0.001,0.0,0,DISP,False,0.9886696031867016,0.42,708.0
20230310_60000/EC_2006_195123295_data,1,228.0,573.0,ECb,1,202.9781951904297,603.6898193359375,0.002,0.001,0.001,0.249,0.001,0.001,0.745,0.0,0.0,0,DISP,False,0.8609682854488953,0.43,inf
20230310_65000/DISP_12489_CE_4422_EC_1519_DISP_4548_202006551_data,1,737.0,830.0,ECb,1,740.30322265625,827.1923828125,0.013,0.003,0.005,0.218,0.016,0.001,0.74,0.002,0.001,2,DISP,False,0.9342920446908602,0.62,35.0
20230310_75000/EC_2662_220023949_data,1,338.0,595.0,ECb,1,354.0496826171875,573.7884521484375,0.029,0.003,0.002,0.252,0.001,0.001,0.711,0.001,0.001,0,DISP,False,0.8550146674367705,0.3,inf
20230310_35000/EC_497_161501865_data,1,74.0,284.0,ECb,1,73.00430297851562,280.2701110839844,0.017,0.002,0.003,0.232,0.001,0.002,0.74,0.001,0.001,0,DISP,False,0.9776034013763854,0.37,inf
20230310_80000/ECP_9238_EC_634_E_12754_221616782_data,1,755.0,997.0,E,1,759.3858642578125,997.04931640625,0.011,0.093,0.858,0.004,0.002,0.015,0.014,0.001,0.002,2,ECa,False,0.9816765412523678,0.4,754.0
20230310_80000/DISP_3752_DISP_6701_ECE_1022_CE_5036_223803855_data,1,249.0,338.0,DISP,1,252.5328521728516,331.93292236328125,0.01,0.003,0.0,0.798,0.002,0.003,0.182,0.001,0.001,1,ECb,False,0.8921356201171872,0.2,738.0
20230310_50000/SR_4793_EC_1685_180132377_data,1,544.0,809.0,ECa,1,565.203369140625,803.6697998046875,0.001,0.0,0.062,0.001,0.001,0.0,0.934,0.0,0.0,1,DISP,False,0.8998733232606132,0.25,297.0
20230310_70000/EC_2578_CE_4876_212333259_data,1,711.0,974.0,ECb,1,739.667236328125,974.46484375,0.001,0.808,0.063,0.052,0.005,0.001,0.067,0.001,0.002,1,E,False,0.8894270686613193,0.53,1.0
20230310_65000/DISP_6631_EC_1841_EC_2343_202757659_data,1,773.0,908.0,ECa,1,767.4279174804688,907.6930541992188,0.007,0.001,0.195,0.001,0.001,0.0,0.792,0.001,0.001,2,DISP,False,0.958177838622433,0.49,874.0
20230310_15000/E_1516_DISP_5007_DISP_4750_132821152_data,1,428.0,540.0,DISP,1,436.1304016113281,530.7427368164062,0.006,0.002,0.0,0.761,0.001,0.002,0.226,0.0,0.001,1,ECb,False,0.8447529929024833,0.22,876.0
20230310_75000/EC_1202_E_1960_215150685_data,1,46.0,196.0,ECb,1,40.43408966064453,200.3209228515625,0.003,0.002,0.001,0.273,0.001,0.001,0.718,0.001,0.001,0,DISP,False,0.9381635561002556,0.78,15.0
20230310_30000/EC_274_EC_1634_EC_1750_155124739_data,1,783.0,899.0,ECa,1,781.2655029296875,896.156982421875,0.004,0.001,0.233,0.001,0.001,0.001,0.76,0.001,0.0,2,DISP,False,0.96112002206368,0.49,399.0
20230310_20000/EC_7_140229157_data,1,561.0,875.0,ECa,1,562.5103759765625,874.1876220703125,0.016,0.001,0.271,0.001,0.001,0.0,0.709,0.0,0.001,0,DISP,False,0.9926026945660829,0.31,inf
20230310_25000/DISP_9673_EC_3206_CE_1486_SR_3702_145231695_data,1,81.0,230.0,DISP,1,83.17974853515625,223.38299560546875,0.017,0.004,0.001,0.715,0.001,0.002,0.258,0.002,0.001,0,ECb,False,0.940961389733641,0.32,862.0
20230310_25000/DISP_9673_EC_3206_CE_1486_SR_3702_145231695_data,1,354.0,475.0,ECa,1,353.5582275390625,473.8182373046875,0.001,0.001,0.275,0.002,0.002,0.002,0.717,0.001,0.001,1,DISP,False,0.9866311638627292,0.49,617.0
20230310_70000/E_6079_EC_2695_ECE_7685_210411808_data,1,418.0,483.0,ECa,1,419.89990234375,480.772705078125,0.015,0.004,0.178,0.004,0.004,0.001,0.792,0.002,0.001,1,DISP,False,0.9365046574519232,0.7,360.0
20230310_55000/ECE_7657_CE_5520_DISP_10295_EC_1492_18443041_data,1,549.0,682.0,DISP,1,559.6793212890625,672.4365234375,0.007,0.002,0.0,0.857,0.001,0.001,0.13,0.0,0.0,2,ECb,False,0.847798512394267,0.4,40.0
20230310_55000/EC_1739_183940952_data,1,178.0,553.0,ECa,1,192.58428955078125,538.5918579101562,0.006,0.001,0.204,0.001,0.001,0.001,0.786,0.001,0.001,0,DISP,False,0.9226868489583332,0.41,inf
20230310_30000/DISP_3243_EC_2002_EC_2578_SR_3440_152728748_data,1,223.0,289.0,ECa,1,221.5264892578125,288.1634521484375,0.003,0.001,0.112,0.002,0.002,0.0,0.88,0.001,0.0,1,DISP,False,0.9657634741643042,0.85,122.0
20230310_25000/EC_1954_EC_3053_ECE_4834_CE_506_15075364_data,1,9.0,114.0,ECb,1,11.152008056640623,115.72068786621094,0.004,0.752,0.187,0.017,0.012,0.002,0.022,0.002,0.004,0,E,False,0.9637118538093896,0.99,943.0
20230310_10000/E_904_SR_3182_125648371_data,1,30.0,310.0,E,1,28.589279174804688,317.72967529296875,0.011,0.092,0.068,0.033,0.006,0.0,0.786,0.003,0.001,0,DISP,False,0.9683876890227796,0.23,657.0
20230310_25000/DISP_8221_EC_1125_EC_594_DISP_4833_151152724_data,1,848.0,984.0,DISP,1,852.6725463867188,983.9013061523438,0.002,0.832,0.026,0.023,0.002,0.0,0.111,0.003,0.001,3,E,False,0.9649173512178308,0.21,855.0
20230310_5000/ECE_7161_EC_2629_12162297_data,1,598.0,887.0,ECa,1,606.5574951171875,878.4146728515625,0.003,0.0,0.129,0.001,0.001,0.001,0.865,0.0,0.0,1,DISP,False,0.9406822758974912,0.57,405.0
20230310_55000/EC_3081_SR_2222_ECE_970_EC_3161_19245110_data,1,794.0,945.0,ECb,1,796.6699829101562,940.5543823242188,0.005,0.721,0.005,0.235,0.006,0.001,0.018,0.006,0.002,3,E,False,0.9528768173116722,0.71,450.0
20230310_45000/EC_446_SR_271_T_50577_175821145_data,1,108.0,311.0,ECb,1,111.0990753173828,302.0917358398437,0.012,0.003,0.004,0.167,0.002,0.003,0.805,0.002,0.002,0,DISP,False,0.94085054444562,0.32,252.0
20230310_45000/T_9097_EC_3225_E_8724_DISP_10502_174430564_data,1,116.0,234.0,ECa,1,108.25830078125,239.405517578125,0.023,0.001,0.174,0.001,0.001,0.0,0.798,0.001,0.001,1,DISP,False,0.8997522241189622,0.55,101.0
20230310_10000/DISP_8417_EC_682_SR_1063_EC_636_12510796_data,1,849.0,956.0,ECa,1,848.252685546875,957.4166259765624,0.006,0.001,0.262,0.001,0.001,0.001,0.725,0.001,0.001,3,DISP,False,0.9801771498796236,0.79,739.0
20230310_75000/SR_2690_EC_1737_ECE_4696_T_50729_215836208_data,1,344.0,496.0,ECa,1,351.27520751953125,486.1824340820313,0.003,0.001,0.237,0.001,0.001,0.001,0.755,0.001,0.001,1,DISP,False,0.8875475431743425,0.71,26.0
20230310_20000/EC_267_E_4228_DISP_7070_143236928_data,1,623.0,742.0,DISP,1,620.6038208007812,743.9468383789062,0.003,0.002,0.0,0.709,0.001,0.001,0.283,0.0,0.0,2,ECb,False,0.96478910875215,0.34,97.0
20230310_65000/ECP_8856_EC_1655_204440961_data,1,472.0,691.0,ECa,1,481.279052734375,685.503662109375,0.002,0.001,0.26,0.001,0.001,0.001,0.734,0.0,0.0,1,DISP,False,0.9325324628995434,0.39,99.0
20230310_5000/DISP_10241_E_5330_122833509_data,1,702.0,979.0,E,1,708.2210693359375,972.7471923828124,0.015,0.048,0.027,0.046,0.008,0.0,0.843,0.01,0.002,1,DISP,False,0.9549679532378156,0.45,622.0
20230310_70000/T_7081_SR_3702_E_9521_210752544_data,1,393.0,759.0,E,1,396.0050659179688,765.8905639648438,0.031,0.164,0.049,0.035,0.007,0.0,0.708,0.005,0.002,2,DISP,False,0.9734623751869852,0.34,353.0
20230310_45000/SR_1027_EC_3128_SR_228_T_8716_174910488_data,1,476.0,587.0,ECa,1,467.19525146484375,591.6491088867188,0.001,0.001,0.156,0.001,0.001,0.001,0.838,0.0,0.0,1,DISP,False,0.8918968226411097,0.77,159.0
20230310_5000/CE_5641_ECE_8856_ECP_51173_121122245_data,1,6.0,220.0,ECa,1,10.202651977539062,214.54063415527344,0.002,0.727,0.151,0.041,0.005,0.002,0.065,0.002,0.004,0,E,False,0.9548503840081044,0.95,252.0
20230310_25000/T_5704_ECE_10598_CE_5523_DISP_12594_145238896_data,1,862.0,989.0,DISP,1,866.1348876953125,990.64306640625,0.002,0.973,0.008,0.008,0.001,0.0,0.006,0.001,0.001,3,E,False,0.9550853826562564,0.25,978.0
20230310_10000/CE_4169_EC_2850_T_51048_125625245_data,1,614.0,863.0,ECa,1,638.8546142578125,861.406982421875,0.0,0.976,0.018,0.002,0.001,0.0,0.001,0.001,0.001,1,E,False,0.8937846111006527,0.31,366.0
20230310_70000/CE_1748_CE_1085_EC_2013_T_50026_212614270_data,1,746.0,832.0,ECb,1,744.4188232421875,835.563720703125,0.008,0.004,0.002,0.176,0.001,0.001,0.8,0.005,0.002,2,DISP,False,0.9435525454056002,0.87,805.0
20230310_60000/E_3409_ECE_1581_194900340_data,1,48.0,335.0,E,1,44.82484436035156,334.5389404296875,0.006,0.032,0.042,0.032,0.004,0.0,0.881,0.002,0.001,0,DISP,False,0.9874688954609314,0.52,727.0
20230310_30000/EC_345_DISP_9175_CE_48_CE_488_155013883_data,1,337.0,451.0,DISP,1,337.1734313964844,434.5971984863281,0.001,0.003,0.0,0.816,0.001,0.002,0.175,0.0,0.001,1,ECb,False,0.8545944481565241,0.33,464.0
20230310_15000/E_884_SR_1099_132940216_data,1,17.0,290.0,E,1,15.758026123046877,288.2195129394531,0.002,0.022,0.054,0.013,0.001,0.0,0.906,0.001,0.0,0,DISP,False,0.9889788536205032,0.56,914.0
20230310_40000/CE_4069_T_50078_165259768_data,1,28.0,729.0,ECa,1,14.9150390625,686.1056518554688,0.119,0.003,0.092,0.049,0.008,0.709,0.012,0.002,0.006,0,ECP,False,0.9216069345466432,0.65,258.0
20230310_5000/DISP_7102_EC_2662_SR_4502_122302240_data,1,490.0,633.0,ECa,1,494.06298828125,630.3642578125,0.006,0.001,0.181,0.001,0.001,0.0,0.81,0.0,0.0,1,DISP,False,0.9531557309877622,0.44,308.0
20230310_35000/EC_3346_155626458_data,1,365.0,974.0,ECa,1,378.8932189941406,998.4664306640624,0.003,0.824,0.05,0.084,0.007,0.001,0.028,0.001,0.002,0,E,False,0.939444858004566,1.0,inf
20230310_5000/E_11456_E_12423_SR_4249_ECE_12294_123418255_data,1,15.0,170.0,E,1,14.80841064453125,170.3820343017578,0.004,0.093,0.056,0.035,0.005,0.0,0.799,0.006,0.002,0,DISP,False,0.9963128476168271,0.89,650.0
20230310_45000/E_2057_EC_1084_175658381_data,1,552.0,818.0,ECa,1,559.0845947265625,821.1544189453125,0.005,0.001,0.225,0.001,0.001,0.0,0.767,0.0,0.001,1,DISP,False,0.961958589749346,0.5,120.0
20230310_80000/ECE_2135_CE_4876_223615317_data,1,707.0,974.0,ECb,1,724.9257202148438,971.0391235351562,0.001,0.882,0.051,0.029,0.004,0.0,0.031,0.001,0.001,1,E,False,0.9217730461434924,0.9,653.0
20230310_65000/EC_2933_EC_2555_EC_1330_T_50335_20533846_data,1,344.0,529.0,ECb,1,343.5575256347656,518.4405517578125,0.003,0.037,0.032,0.044,0.004,0.0,0.875,0.003,0.001,1,DISP,False,0.9406720458995104,0.52,303.0
20230310_75000/T_4982_E_12360_EC_807_SR_4247_220214232_data,1,342.0,477.0,ECa,1,336.7652282714844,483.7486877441406,0.002,0.0,0.167,0.001,0.001,0.0,0.828,0.0,0.0,2,DISP,False,0.9184706938069752,0.72,187.0
20230310_60000/DISP_10906_ECE_6528_EC_1372_T_51098_194411880_data,1,126.0,221.0,DISP,1,128.06224060058594,218.86241149902344,0.001,0.002,0.0,0.905,0.001,0.001,0.089,0.0,0.0,0,ECb,False,0.9557912726151316,0.65,564.0
20230310_20000/SR_2201_E_3403_DISP_5808_DISP_5203_14062420_data,1,575.0,656.0,DISP,1,575.885498046875,652.46826171875,0.001,0.001,0.0,0.853,0.0,0.001,0.143,0.0,0.0,2,ECb,False,0.9454662181712964,0.98,436.0
20230310_25000/EC_3376_EC_2260_EC_2521_151022355_data,1,155.0,276.0,ECa,1,156.34576416015625,270.1307678222656,0.002,0.001,0.25,0.0,0.001,0.0,0.745,0.001,0.0,0,DISP,False,0.940371931091813,0.72,575.0
20230310_10000/EC_486_T_8490_125708911_data,1,122.0,531.0,ECa,1,128.0977783203125,528.8020629882812,0.001,0.001,0.013,0.003,0.001,0.0,0.981,0.001,0.0,0,DISP,False,0.9797170774277963,0.58,747.0
20230310_45000/EC_779_175355345_data,1,125.0,699.0,ECb,1,129.0338134765625,694.4553833007812,0.004,0.001,0.001,0.066,0.001,0.0,0.926,0.001,0.0,0,DISP,False,0.9850549996937608,0.86,inf
20230310_5000/EC_2002_122950616_data,1,96.0,368.0,ECb,1,93.1402587890625,364.992919921875,0.011,0.001,0.001,0.239,0.001,0.001,0.744,0.0,0.001,0,DISP,False,0.978655217882345,0.7,inf
20230310_30000/T_7321_DISP_12259_EC_2884_153113722_data,1,759.0,924.0,ECa,1,757.7935791015625,931.385986328125,0.002,0.001,0.128,0.001,0.001,0.0,0.866,0.0,0.001,2,DISP,False,0.950502401782192,0.53,89.0
20230310_30000/DISP_3586_DISP_11156_SR_1438_ECE_1618_153702475_data,1,116.0,205.0,DISP,1,116.2160415649414,205.0440368652344,0.008,0.001,0.0,0.829,0.001,0.002,0.157,0.001,0.001,0,ECb,False,0.9970792156405776,0.87,922.0
20230310_30000/EC_784_153551626_data,1,374.0,930.0,ECa,1,403.1229248046875,932.5911865234376,0.003,0.973,0.02,0.001,0.001,0.0,0.002,0.001,0.001,0,E,False,0.943224826862186,0.47,inf
20230310_80000/ECP_10596_ECE_2700_ECE_3028_ECE_4062_223453288_data,1,567.0,683.0,ECE,1,569.303466796875,683.8458251953125,0.011,0.005,0.127,0.005,0.016,0.0,0.834,0.001,0.001,2,DISP,False,0.97304745816187,0.77,67.0
20230310_10000/DISP_9298_SR_2670_DISP_9862_E_11566_131843238_data,1,530.0,604.0,DISP,1,529.7471923828125,604.6964111328125,0.004,0.002,0.905,0.0,0.002,0.001,0.084,0.0,0.001,2,ECa,False,0.9873351748579768,0.84,24.0
20230310_15000/EC_1922_134647283_data,1,371.0,893.0,ECa,1,381.3416442871094,878.8009033203125,0.002,0.002,0.033,0.005,0.001,0.0,0.955,0.002,0.001,0,DISP,False,0.952987086270504,0.94,inf
20230310_25000/ECP_1380_EC_549_DISP_1575_145634471_data,1,667.0,777.0,DISP,1,672.963134765625,770.0654296875,0.001,0.002,0.0,0.722,0.001,0.001,0.273,0.0,0.0,2,ECb,False,0.882748135653409,0.55,831.0
20230310_10000/EC_3324_DISP_10059_E_9354_ECE_10414_124627401_data,1,361.0,446.0,DISP,1,358.973388671875,446.903076171875,0.006,0.003,0.708,0.001,0.002,0.001,0.279,0.001,0.001,1,ECa,False,0.9666814749000444,0.74,829.0
20230310_50000/T_5399_EC_731_SR_4247_ECP_11991_181329487_data,1,131.0,258.0,ECb,1,133.71881103515625,280.6957702636719,0.006,0.001,0.001,0.256,0.001,0.001,0.734,0.001,0.0,1,DISP,False,0.8302251208964471,0.59,359.0
20230310_60000/EC_1340_SR_2518_EC_2182_ECP_52144_195330111_data,1,667.0,873.0,ECa,1,673.5615844726562,874.7625122070312,0.002,0.001,0.183,0.001,0.001,0.0,0.811,0.001,0.0,2,DISP,False,0.9599345589766806,0.31,173.0
20230310_25000/CE_4302_SR_4784_DISP_7093_DISP_9441_145920238_data,1,452.0,523.0,DISP,1,453.7640075683594,540.743896484375,0.019,0.002,0.0,0.828,0.001,0.003,0.143,0.001,0.002,2,ECb,False,0.7801775127580847,0.99,93.0
20230310_20000/E_11178_ECE_9903_CE_4894_EC_10_142005468_data,1,855.0,988.0,ECb,1,847.9755249023438,988.0963745117188,0.003,0.035,0.01,0.154,0.004,0.001,0.789,0.003,0.001,3,DISP,False,0.949180656346102,0.24,722.0
20230310_40000/ECE_4769_EC_2345_EC_2017_EC_3251_171455759_data,1,389.0,472.0,ECa,1,387.6869812011719,473.8602600097656,0.009,0.001,0.277,0.001,0.002,0.001,0.708,0.001,0.001,1,DISP,False,0.9631756055651292,0.34,287.0
20230310_40000/EC_1174_165849720_data,1,164.0,369.0,ECb,1,164.00106811523438,364.7601013183594,0.04,0.002,0.002,0.229,0.001,0.001,0.722,0.001,0.001,0,DISP,False,0.9793123570884148,0.3,inf
20230310_70000/SR_2715_EC_1236_ECE_5602_CE_3709_205506573_data,1,221.0,429.0,ECa,1,241.82586669921875,428.0462036132813,0.001,0.878,0.104,0.004,0.005,0.001,0.004,0.001,0.002,1,E,False,0.8952900813176085,0.35,97.0
20230310_30000/T_7759_DISP_9976_EC_873_154504851_data,1,678.0,831.0,ECb,1,679.153564453125,829.62841796875,0.067,0.001,0.002,0.213,0.001,0.002,0.71,0.003,0.002,2,DISP,False,0.983495774611928,0.38,701.0
20230310_10000/T_50309_E_5803_124103359_data,1,255.0,874.0,E,1,250.75875854492188,904.1771240234376,0.005,0.098,0.035,0.025,0.004,0.0,0.828,0.005,0.001,1,DISP,False,0.9473256839768956,0.65,44.0
20230310_10000/EC_2258_E_4491_E_4360_131029211_data,1,40.0,160.0,ECb,1,37.45103454589844,158.36717224121094,0.026,0.001,0.001,0.161,0.001,0.001,0.807,0.001,0.001,0,DISP,False,0.9658765523038476,0.28,91.0
20230310_55000/E_8135_EC_588_SR_4815_T_2636_191210964_data,1,608.0,711.0,ECa,1,586.6593017578125,705.9410400390625,0.014,0.001,0.194,0.001,0.001,0.001,0.787,0.001,0.001,1,DISP,False,0.787682886003226,0.2,345.0
20230310_50000/EC_2221_DISP_2960_180250676_data,1,217.0,431.0,ECb,1,219.0398864746093,421.9454650878906,0.009,0.018,0.003,0.173,0.001,0.0,0.791,0.003,0.001,0,DISP,False,0.9481569094078566,0.86,115.0
20230310_20000/E_9548_DISP_10684_SR_3702_135940943_data,1,16.0,229.0,E,1,17.430580139160156,233.24884033203125,0.005,0.057,0.026,0.027,0.001,0.0,0.88,0.002,0.001,0,DISP,False,0.9738575337732008,0.6,316.0
20230310_25000/DISP_9314_ECE_6795_EC_1444_EC_1591_151222317_data,1,199.0,328.0,DISP,1,207.0323944091797,322.665283203125,0.001,0.001,0.0,0.724,0.0,0.0,0.273,0.0,0.0,0,ECb,False,0.8963789828988009,0.9,376.0
20230310_30000/CE_3668_CE_1159_EC_2052_154708704_data,1,788.0,893.0,ECa,1,784.8170166015625,893.0159912109375,0.001,0.001,0.106,0.001,0.001,0.0,0.889,0.0,0.0,2,DISP,False,0.970434335252029,0.88,855.0
20230310_35000/SR_4550_DISP_3768_EC_1436_163821424_data,1,711.0,868.0,ECa,1,713.3335571289062,868.5187377929688,0.012,0.001,0.193,0.001,0.001,0.001,0.79,0.001,0.001,2,DISP,False,0.9818923452419748,0.82,387.0
20230310_65000/ECP_51200_DISP_5630_EC_189_203153576_data,1,597.0,901.0,ECa,1,613.154296875,888.4569091796875,0.026,0.002,0.099,0.003,0.003,0.001,0.864,0.001,0.001,2,DISP,False,0.9056006983706826,0.26,296.0
20230310_15000/EC_923_132243799_data,1,311.0,621.0,ECa,1,320.3090209960937,610.9971313476562,0.006,0.001,0.159,0.001,0.0,0.0,0.833,0.001,0.0,0,DISP,False,0.937703581779234,0.95,inf
20230310_60000/EC_921_EC_20_DISP_8054_T_78_200639226_data,1,342.0,531.0,ECa,1,342.9920654296875,516.5697631835938,0.018,0.001,0.208,0.001,0.001,0.001,0.769,0.001,0.001,1,DISP,False,0.9184005172164352,0.2,515.0
20230310_50000/ECP_4255_EC_1965_182529575_data,1,583.0,819.0,ECa,1,582.8129272460938,819.3192749023438,0.056,0.001,0.193,0.002,0.001,0.001,0.742,0.0,0.005,1,DISP,False,0.9978590525739888,0.91,330.0
20230310_40000/ECE_12872_EC_1872_164552962_data,1,817.0,954.0,ECa,1,819.1853637695312,952.5427856445312,0.022,0.001,0.176,0.001,0.001,0.001,0.796,0.0,0.003,1,DISP,False,0.9734118385036497,0.63,490.0
20230310_60000/SR_3687_ECE_8202_EC_657_193755211_data,1,815.0,926.0,ECa,1,813.7009887695312,925.7261352539062,0.002,0.0,0.102,0.001,0.0,0.0,0.894,0.001,0.0,2,DISP,False,0.985993857298222,0.83,263.0
20230310_25000/ECP_4908_EC_2002_EC_2758_144619913_data,1,263.0,376.0,ECa,1,251.94268798828125,377.5657958984375,0.043,0.0,0.094,0.001,0.001,0.001,0.858,0.001,0.002,1,DISP,False,0.8995160355435236,0.7,82.0
20230310_40000/DISP_12367_CE_1433_SR_4326_171141504_data,1,53.0,144.0,DISP,1,53.41028594970703,141.98764038085938,0.002,0.002,0.0,0.775,0.001,0.002,0.218,0.0,0.0,0,ECb,False,0.9733775212214544,0.64,745.0
20230310_10000/EC_701_125628289_data,1,114.0,324.0,ECb,1,115.9051284790039,319.5340576171875,0.012,0.003,0.002,0.238,0.001,0.002,0.732,0.005,0.003,0,DISP,False,0.9696615673246838,0.51,inf
20230310_20000/ECP_10344_EC_2095_EC_215_ECE_5345_14131085_data,1,270.0,387.0,ECa,1,273.9686279296875,385.3370971679688,0.002,0.0,0.212,0.0,0.001,0.0,0.784,0.0,0.0,1,DISP,False,0.9518672584468488,0.89,664.0
20230310_45000/SR_3233_DISP_3613_173623364_data,1,478.0,654.0,DISP,1,479.247314453125,656.427001953125,0.001,0.002,0.0,0.781,0.001,0.001,0.214,0.0,0.0,1,ECb,False,0.9794071728716528,0.93,348.0
20230310_45000/T_9913_EC_2960_CE_5125_ECP_658_172351160_data,1,121.0,249.0,ECa,1,121.06094360351562,251.2225646972656,0.004,0.001,0.239,0.0,0.001,0.0,0.753,0.001,0.0,1,DISP,False,0.9824645728173932,0.46,318.0
20230310_70000/E_12212_EC_296_210516285_data,1,590.0,808.0,ECa,1,579.8511352539062,817.8278198242188,0.007,0.001,0.212,0.001,0.001,0.001,0.775,0.001,0.001,1,DISP,False,0.9160561270681532,0.45,538.0
20230310_15000/CE_272_E_4647_SR_603_EC_1710_134300599_data,1,911.0,978.0,ECa,1,904.6849975585938,978.9558715820312,0.079,0.002,0.209,0.003,0.003,0.001,0.701,0.001,0.001,3,DISP,False,0.902103292588922,0.65,804.0
20230310_10000/E_3592_ECE_2825_EC_2383_ECP_10691_125635952_data,1,672.0,792.0,ECa,1,669.4297485351562,789.0317993164062,0.002,0.001,0.152,0.001,0.001,0.0,0.841,0.0,0.0,2,DISP,False,0.9548140590212784,0.64,45.0
20230310_50000/EC_1197_ECP_11428_183002883_data,1,384.0,634.0,ECb,1,398.74945068359375,622.5641479492188,0.021,0.001,0.0,0.188,0.0,0.0,0.789,0.0,0.0,0,DISP,False,0.8952587890625,0.56,394.0
20230310_60000/DISP_7850_EC_1884_EC_3376_ECE_1231_194827520_data,1,548.0,672.0,ECa,1,546.545166015625,669.3514404296875,0.001,0.001,0.175,0.001,0.001,0.0,0.819,0.0,0.0,2,DISP,False,0.9672918657307492,0.92,40.0
20230310_55000/CE_454_DISP_10333_EC_463_EC_3149_191859607_data,1,667.0,761.0,ECa,1,665.5610961914062,757.6430053710938,0.008,0.003,0.192,0.004,0.003,0.001,0.786,0.001,0.001,2,DISP,False,0.9497490200943804,0.32,168.0
20230310_55000/ECE_8833_EC_1651_191841795_data,1,693.0,854.0,ECa,1,689.4835205078125,859.1268310546875,0.003,0.001,0.114,0.002,0.001,0.0,0.878,0.0,0.001,1,DISP,False,0.9490500950552558,0.57,887.0
20230310_55000/DISP_730_EC_2543_ECE_7658_184141936_data,1,246.0,371.0,DISP,1,254.51641845703125,363.7879028320313,0.002,0.002,0.728,0.0,0.002,0.001,0.265,0.0,0.0,0,ECa,False,0.8741718750000005,0.79,190.0
20230310_70000/EC_2111_ECE_3178_213148286_data,1,13.0,89.0,ECb,1,10.79656982421875,90.57266235351562,0.03,0.002,0.003,0.15,0.002,0.002,0.804,0.004,0.002,0,DISP,False,0.952666363949699,0.79,939.0
20230310_75000/SR_2618_E_4119_DISP_5406_SR_1337_215432127_data,1,448.0,578.0,DISP,1,447.079833984375,571.964111328125,0.001,0.001,0.0,0.735,0.0,0.001,0.261,0.0,0.0,2,ECb,False,0.9468679661873496,0.92,171.0
20230310_55000/DISP_10614_EC_2960_SR_4132_191906602_data,1,384.0,539.0,ECa,1,385.7821350097656,539.921142578125,0.016,0.001,0.179,0.002,0.002,0.001,0.795,0.002,0.002,1,DISP,False,0.9826625334884516,0.42,27.0
20230310_5000/DISP_4335_DISP_10235_CE_119_E_4557_122157581_data,1,396.0,541.0,DISP,1,397.2519226074219,530.273681640625,0.008,0.002,0.0,0.818,0.001,0.003,0.167,0.001,0.001,1,ECb,False,0.9173914416082974,0.98,224.0
20230310_55000/T_9317_EC_3149_191902547_data,1,292.0,507.0,ECb,1,291.9524230957031,507.2065734863281,0.02,0.002,0.001,0.263,0.001,0.001,0.71,0.001,0.001,1,DISP,False,0.9988193008582468,0.65,187.0
20230310_15000/DISP_6310_EC_2026_T_50373_133129491_data,1,433.0,597.0,ECa,1,429.23187255859375,601.1941528320312,0.002,0.001,0.285,0.001,0.002,0.001,0.707,0.0,0.001,1,DISP,False,0.9536975186606234,0.32,198.0
20230310_15000/SR_1148_DISP_1534_EC_494_EC_249_135112317_data,1,363.0,470.0,DISP,1,372.8891296386719,460.7349548339844,0.004,0.002,0.799,0.0,0.002,0.001,0.191,0.0,0.001,1,ECa,False,0.8209890205169392,0.26,219.0
20230310_65000/DISP_483_EC_2945_EC_126_ECE_5207_202527908_data,1,94.0,182.0,DISP,1,96.75196838378906,182.688217163086,0.001,0.002,0.0,0.811,0.001,0.001,0.184,0.0,0.0,0,ECb,False,0.9612103427386638,0.47,118.0
20230310_75000/EC_476_EC_431_215144551_data,1,584.0,957.0,ECb,1,584.0247192382812,960.5203247070312,0.009,0.849,0.009,0.113,0.005,0.001,0.011,0.001,0.002,1,E,False,0.990584720896353,0.65,434.0
20230310_30000/ECE_1055_DISP_6912_DISP_325_EC_432_154832827_data,1,358.0,448.0,DISP,1,360.32525634765625,447.2626953125,0.004,0.001,0.0,0.811,0.001,0.002,0.18,0.0,0.001,1,ECb,False,0.9659715440538196,0.78,174.0
20230310_75000/DISP_10448_E_12672_DISP_8429_E_11022_215208125_data,1,70.0,154.0,DISP,1,69.1057357788086,151.50137329101562,0.001,0.001,0.0,0.707,0.001,0.001,0.288,0.0,0.0,0,ECb,False,0.9600339202971871,0.91,772.0
20230310_50000/T_3108_E_8046_EC_779_EC_873_180059173_data,1,457.0,695.0,ECa,1,474.17486572265625,692.5569458007812,0.0,0.0,0.012,0.003,0.001,0.0,0.984,0.0,0.0,2,DISP,False,0.9175717650341386,0.62,6.0
20230310_75000/E_4025_T_50754_220652767_data,1,88.0,636.0,E,1,98.97088623046876,647.1353759765625,0.007,0.137,0.061,0.025,0.005,0.0,0.75,0.014,0.001,0,DISP,False,0.9604634885274048,0.43,249.0
20230310_75000/EC_3021_EC_800_214429409_data,1,529.0,943.0,ECa,1,520.5139770507812,943.7097778320312,0.006,0.002,0.189,0.003,0.001,0.002,0.795,0.001,0.001,1,DISP,False,0.978270576493732,0.93,332.0
20230310_25000/DISP_8002_E_9446_EC_2883_ECE_12737_145224837_data,1,507.0,692.0,ECa,1,517.4342041015625,684.1224365234375,0.001,0.001,0.177,0.001,0.001,0.001,0.818,0.0,0.0,2,DISP,False,0.9010174725506755,0.32,746.0
20230310_70000/DISP_5275_DISP_4727_ECE_2829_T_50083_210437314_data,1,71.0,163.0,DISP,1,70.44953155517578,161.17715454101562,0.001,0.002,0.0,0.779,0.001,0.001,0.215,0.0,0.0,0,ECb,False,0.974356543584396,0.57,155.0
20230310_20000/EC_3267_SR_4249_EC_918_DISP_12692_141159630_data,1,82.0,209.0,ECb,1,80.44103240966797,210.55386352539065,0.007,0.001,0.001,0.211,0.001,0.0,0.778,0.0,0.001,0,DISP,False,0.9760759097390316,1.0,144.0
20230310_10000/ECE_3505_DISP_892_124641175_data,1,556.0,683.0,DISP,1,555.1920776367188,681.6351928710938,0.007,0.002,0.0,0.705,0.001,0.001,0.283,0.0,0.0,1,ECb,False,0.9830000405920712,0.8,578.0
20230310_50000/DISP_7785_EC_1959_18244467_data,1,731.0,876.0,ECa,1,727.4487915039062,881.7722778320312,0.003,0.001,0.289,0.001,0.002,0.001,0.704,0.0,0.0,1,DISP,False,0.9395847868010104,0.22,957.0
20230310_10000/ECP_5496_EC_730_124401362_data,1,863.0,972.0,ECa,1,859.179931640625,975.002685546875,0.099,0.001,0.156,0.002,0.001,0.001,0.737,0.001,0.001,1,DISP,False,0.9410931472776712,0.73,826.0
20230310_60000/SR_628_DISP_5025_CE_4466_ECE_6217_200226457_data,1,225.0,333.0,DISP,1,232.40383911132807,328.2270202636719,0.002,0.002,0.0,0.746,0.0,0.001,0.248,0.0,0.0,1,ECb,False,0.8872516773365168,0.65,18.0
20230310_65000/DISP_11352_ECE_5697_EC_2586_205154697_data,1,155.0,281.0,DISP,1,161.74290466308594,275.2341003417969,0.003,0.002,0.0,0.749,0.001,0.001,0.243,0.0,0.001,0,ECb,False,0.9007237752278646,0.21,301.0
20230310_10000/DISP_8000_EC_2480_EC_1731_E_5691_130023152_data,1,29.0,146.0,DISP,1,31.48489761352539,141.33059692382812,0.001,0.001,0.0,0.89,0.001,0.001,0.105,0.0,0.0,0,ECb,False,0.9388521308572884,1.0,517.0
20230310_5000/DISP_27_EC_1237_DISP_3495_121440180_data,1,650.0,781.0,ECb,1,651.185302734375,781.410888671875,0.007,0.001,0.001,0.213,0.001,0.0,0.776,0.0,0.0,1,DISP,False,0.98785343115489,0.8,277.0
20230310_15000/SR_4858_EC_2449_T_50820_133417239_data,1,721.0,892.0,ECa,1,718.0370483398438,895.0084838867188,0.002,0.001,0.201,0.001,0.002,0.001,0.791,0.0,0.0,1,DISP,False,0.96625763062597,0.66,67.0
20230310_30000/DISP_6834_ECE_796_ECP_3228_152239645_data,1,129.0,247.0,DISP,1,128.84857177734375,259.9256286621094,0.005,0.002,0.0,0.827,0.001,0.001,0.165,0.0,0.0,0,ECb,False,0.9002338227943116,0.9,709.0
20230310_25000/T_7421_CE_903_EC_2895_144802409_data,1,920.0,990.0,ECa,1,915.4373779296876,990.7117919921876,0.038,0.001,0.247,0.002,0.003,0.002,0.705,0.001,0.002,2,DISP,False,0.9299308519609242,0.45,408.0
20230310_20000/EC_978_EC_2227_141313641_data,1,92.0,260.0,ECb,1,90.58216857910156,264.6712646484375,0.036,0.001,0.001,0.136,0.001,0.001,0.824,0.001,0.001,0,DISP,False,0.9650231047962315,0.38,803.0
20230310_25000/SR_494_DISP_3122_DISP_5551_ECP_12854_145521485_data,1,609.0,698.0,DISP,1,606.7633056640625,704.3360595703125,0.002,0.001,0.0,0.752,0.001,0.001,0.242,0.0,0.0,2,ECb,False,0.9121398795970554,0.71,26.0
20230310_70000/E_3681_EC_264_213056980_data,1,19.0,252.0,E,1,14.94695281982422,256.0847473144531,0.004,0.065,0.035,0.022,0.002,0.0,0.869,0.002,0.001,0,DISP,False,0.966252513374422,0.34,824.0
20230310_35000/EC_1271_EC_1479_DISP_5602_162420200_data,1,172.0,242.0,ECa,1,166.3756866455078,244.7250213623047,0.002,0.001,0.216,0.001,0.001,0.0,0.778,0.0,0.0,0,DISP,False,0.8934345167450808,0.67,352.0
20230310_25000/CE_3421_150042334_data,1,449.0,951.0,ECb,1,464.2337036132813,950.4169311523438,0.003,0.968,0.013,0.009,0.002,0.0,0.002,0.001,0.001,0,E,False,0.9684924851375746,0.32,inf
20230310_5000/EC_1926_EC_1686_EC_1856_EC_2678_123736537_data,1,500.0,627.0,ECa,1,497.437255859375,623.8055419921875,0.001,0.001,0.076,0.002,0.001,0.0,0.919,0.0,0.0,2,DISP,False,0.9555643700924648,0.71,800.0
20230310_75000/DISP_240_E_6810_EC_1227_DISP_5982_220928377_data,1,558.0,719.0,ECb,1,558.2896118164062,712.3001098632812,0.013,0.002,0.003,0.264,0.003,0.004,0.707,0.003,0.001,2,DISP,False,0.956586944390528,0.79,906.0
20230310_60000/ECP_5857_EC_1419_192750487_data,1,396.0,949.0,ECa,1,422.0823974609375,953.99267578125,0.005,0.902,0.04,0.009,0.001,0.0,0.04,0.001,0.001,1,E,False,0.9443091735950137,0.38,318.0
20230310_40000/DISP_11152_SR_4249_EC_2986_CE_1458_165432579_data,1,519.0,658.0,ECa,1,499.82958984375,675.6739501953125,0.002,0.001,0.255,0.001,0.001,0.0,0.74,0.0,0.0,2,DISP,False,0.7904717542382353,0.55,273.0
20230310_35000/ECP_51815_EC_865_161609434_data,1,513.0,719.0,ECa,1,517.6258544921875,710.31884765625,0.001,0.001,0.13,0.001,0.001,0.001,0.864,0.0,0.0,1,DISP,False,0.9354028794371966,0.83,754.0
20230310_70000/ECE_3052_EC_487_T_50228_210949936_data,1,752.0,925.0,ECa,1,759.0318603515625,918.02099609375,0.002,0.0,0.158,0.0,0.001,0.0,0.837,0.0,0.0,1,DISP,False,0.9190123453305636,0.65,126.0
20230310_35000/CE_1160_EC_3112_164209674_data,1,604.0,785.0,ECa,1,605.5869140625,783.8037109375,0.077,0.002,0.208,0.002,0.002,0.001,0.704,0.002,0.001,1,DISP,False,0.984623187154696,0.2,263.0
20230310_15000/EC_2998_133659133_data,1,100.0,752.0,ECb,1,117.79360961914062,749.2117919921875,0.001,0.921,0.014,0.027,0.002,0.0,0.034,0.001,0.0,0,E,False,0.9684327950506854,0.8,inf
20230310_45000/EC_1722_DISP_3238_17492942_data,1,46.0,192.0,ECb,1,45.8280029296875,186.4135131835937,0.037,0.002,0.002,0.223,0.001,0.001,0.733,0.001,0.001,0,DISP,False,0.960604739607212,0.31,759.0
20230310_70000/T_2190_CE_1534_EC_299_211944216_data,1,649.0,848.0,ECa,1,641.6744995117188,844.1069946289062,0.001,0.0,0.052,0.001,0.0,0.0,0.945,0.0,0.0,2,DISP,False,0.9456271482059864,0.22,716.0
20230310_45000/ECP_10341_EC_1490_T_50883_174135857_data,1,379.0,862.0,ECa,1,375.5303649902344,862.107177734375,0.005,0.829,0.137,0.004,0.011,0.0,0.01,0.002,0.001,1,E,False,0.9926490275523642,0.41,138.0
20230310_70000/ECP_10080_DISP_4282_CE_5661_T_50582_211904960_data,1,346.0,469.0,DISP,1,349.2158508300781,466.2106628417969,0.005,0.002,0.0,0.795,0.001,0.001,0.195,0.0,0.001,1,ECb,False,0.9511773334286078,0.85,430.0
20230310_10000/EC_779_124245984_data,1,125.0,699.0,ECb,1,129.642333984375,689.4022216796875,0.004,0.001,0.001,0.084,0.001,0.0,0.907,0.001,0.0,0,DISP,False,0.9751914419778964,0.63,inf
20230310_25000/T_9469_CE_1294_145321959_data,1,364.0,983.0,ECb,1,395.2697143554688,980.7355346679688,0.003,0.806,0.061,0.065,0.008,0.001,0.053,0.001,0.002,1,E,False,0.9458252347536348,0.28,177.0
20230310_75000/DISP_11697_EC_818_EC_918_DISP_8663_214327494_data,1,663.0,758.0,ECb,1,660.7061767578125,759.677490234375,0.011,0.002,0.004,0.126,0.001,0.002,0.848,0.004,0.003,2,DISP,False,0.959874095461985,0.81,317.0
20230310_80000/DISP_5045_SR_4619_EC_1237_DISP_5186_22364632_data,1,547.0,643.0,ECa,1,546.2427368164062,642.4865112304688,0.009,0.001,0.154,0.002,0.002,0.001,0.83,0.001,0.001,2,DISP,False,0.9868665988338904,0.35,84.0
20230310_50000/EC_196_E_11769_T_6439_181843639_data,1,208.0,366.0,ECb,1,216.551986694336,362.62200927734375,0.003,0.001,0.001,0.205,0.0,0.0,0.789,0.001,0.0,0,DISP,False,0.9244938138165048,0.86,375.0
20230310_45000/ECP_6780_E_488_T_50305_172330775_data,1,382.0,775.0,E,1,393.88677978515625,775.3104858398438,0.003,0.054,0.052,0.023,0.002,0.0,0.861,0.004,0.001,1,DISP,False,0.9689882012706704,0.96,288.0
20230310_40000/E_12399_EC_82_DISP_8362_T_50279_171656770_data,1,385.0,459.0,ECa,1,386.9012451171875,456.21978759765625,0.001,0.0,0.126,0.001,0.001,0.0,0.87,0.0,0.0,1,DISP,False,0.936737060546875,0.3,21.0
20230310_5000/DISP_6496_ECE_7463_E_1113_DISP_4918_123108537_data,1,197.0,255.0,DISP,1,198.3448638916016,253.7234344482422,0.03,0.002,0.887,0.0,0.001,0.001,0.076,0.0,0.001,0,ECa,False,0.9548029406317344,0.44,593.0
20230310_5000/DISP_6496_ECE_7463_E_1113_DISP_4918_123108537_data,1,763.0,840.0,DISP,1,761.0125732421875,844.7591552734375,0.001,0.002,0.0,0.753,0.0,0.001,0.243,0.0,0.0,3,ECb,False,0.9194405088827086,0.74,687.0
20230310_75000/CE_2139_E_1140_CE_4197_CE_3362_215635470_data,1,263.0,372.0,E,1,266.6971740722656,371.4875183105469,0.004,0.066,0.868,0.002,0.006,0.005,0.046,0.002,0.002,1,ECa,False,0.96137930493836,0.53,426.0
20230310_55000/EC_292_EC_3396_19021429_data,1,25.0,146.0,ECb,1,22.85291290283203,145.559326171875,0.019,0.001,0.001,0.263,0.001,0.002,0.709,0.002,0.003,0,DISP,False,0.978986421958555,0.78,264.0
20230310_75000/T_6535_ECE_9064_EC_2896_EC_3436_221002878_data,1,674.0,853.0,ECb,1,677.573974609375,850.8128662109375,0.002,0.001,0.001,0.252,0.001,0.001,0.74,0.001,0.001,3,DISP,False,0.9678150368802374,0.93,779.0
20230310_70000/DISP_5080_EC_1841_CE_5411_ECP_51309_212840952_data,1,319.0,413.0,ECa,1,317.4071044921875,416.02288818359375,0.001,0.001,0.283,0.001,0.002,0.001,0.712,0.0,0.0,1,DISP,False,0.9531942705454716,0.66,9.0
20230310_55000/SR_1723_ECE_3882_DISP_3421_E_2541_185353676_data,1,566.0,643.0,DISP,1,564.8450927734375,644.3336181640625,0.002,0.002,0.001,0.75,0.001,0.002,0.242,0.0,0.001,2,ECb,False,0.9686932751815962,0.37,668.0
20230310_40000/EC_2371_DISP_730_165406659_data,1,259.0,352.0,ECa,1,254.2801513671875,354.70465087890625,0.009,0.001,0.141,0.002,0.003,0.001,0.842,0.0,0.001,0,DISP,False,0.9260688422863153,0.25,545.0
20230310_25000/CE_1941_EC_1053_E_5582_T_50854_150923642_data,1,417.0,599.0,ECa,1,430.3709106445313,603.4548950195312,0.025,0.001,0.232,0.001,0.001,0.001,0.737,0.001,0.001,1,DISP,False,0.9043961508106544,0.95,4.0
20230310_20000/E_5195_DISP_4880_E_1847_142619970_data,1,17.0,323.0,E,1,7.9162750244140625,309.6248779296875,0.018,0.059,0.048,0.044,0.004,0.001,0.818,0.007,0.002,0,DISP,False,0.9287210183653928,0.54,17.0
20230310_50000/ECE_6086_CE_2948_T_50475_180222216_data,1,671.0,937.0,ECb,1,683.28564453125,937.5802001953124,0.003,0.947,0.015,0.026,0.002,0.0,0.004,0.0,0.002,1,E,False,0.951737433173446,0.31,138.0
20230310_40000/SR_1698_EC_112_171756250_data,1,599.0,790.0,ECa,1,602.803466796875,793.250732421875,0.068,0.002,0.188,0.002,0.003,0.001,0.733,0.001,0.001,1,DISP,False,0.963685083032636,0.2,587.0
20230310_65000/T_9427_EC_106_EC_3009_ECP_7968_204323668_data,1,669.0,816.0,ECb,1,673.6320190429688,810.3906860351562,0.003,0.001,0.001,0.275,0.001,0.001,0.717,0.0,0.001,2,DISP,False,0.9303310679740646,0.66,13.0
20230310_45000/SR_4592_EC_1922_172806988_data,1,672.0,943.0,ECa,1,677.7363891601562,942.6528930664062,0.014,0.0,0.049,0.002,0.001,0.0,0.933,0.001,0.0,1,DISP,False,0.977551674930812,0.43,191.0
20230310_65000/SR_2602_DISP_9743_ECE_4035_E_6793_204105716_data,1,260.0,345.0,DISP,1,260.6455383300781,343.8666687011719,0.007,0.003,0.73,0.0,0.001,0.001,0.256,0.001,0.001,1,ECa,False,0.9790721220128676,0.9,501.0
20230310_55000/T_3208_EC_641_EC_3064_DISP_12953_191740940_data,1,779.0,846.0,DISP,1,779.6996459960938,843.7127075195312,0.021,0.006,0.001,0.805,0.002,0.002,0.161,0.001,0.001,3,ECb,False,0.9554188287080224,0.55,59.0
20230310_60000/SR_876_EC_425_E_148_195413135_data,1,478.0,578.0,ECb,1,481.1580200195313,574.5962524414062,0.002,0.002,0.001,0.254,0.001,0.001,0.738,0.001,0.001,1,DISP,False,0.9343823242187494,0.51,291.0
20230310_35000/E_544_T_50580_161738405_data,1,42.0,437.0,E,1,36.70545959472656,476.7013549804688,0.02,0.131,0.085,0.039,0.004,0.001,0.713,0.003,0.003,0,DISP,False,0.8977356474057683,0.86,651.0
20230310_45000/EC_835_EC_1921_EC_1824_EC_2750_172434392_data,1,230.0,328.0,ECa,1,228.3422393798828,326.087890625,0.001,0.0,0.233,0.0,0.001,0.0,0.763,0.0,0.0,1,DISP,False,0.9641787054725716,0.32,205.0
20230310_80000/EC_2933_E_5932_EC_1639_E_7851_222652603_data,1,263.0,417.0,E,1,263.12750244140625,413.2579345703125,0.001,0.003,0.019,0.007,0.001,0.0,0.967,0.001,0.0,1,DISP,False,0.9748729359019886,0.71,92.0
20230310_35000/DISP_8749_CE_245_E_2447_CE_1772_155640192_data,1,149.0,256.0,DISP,1,148.4586181640625,260.3202819824219,0.005,0.802,0.022,0.078,0.025,0.0,0.06,0.004,0.003,0,E,False,0.956538606235522,0.49,6.0
20230310_30000/T_5502_EC_638_EC_486_ECE_9879_151804680_data,1,390.0,542.0,ECb,1,389.0945434570313,538.9244995117188,0.001,0.001,0.001,0.128,0.001,0.0,0.867,0.0,0.0,2,DISP,False,0.9739645849058942,0.28,126.0
20230310_80000/SR_2941_E_513_SR_521_EC_2074_223909189_data,1,736.0,900.0,ECa,1,774.1519775390625,900.5079345703125,0.002,0.0,0.133,0.001,0.001,0.0,0.863,0.0,0.0,3,DISP,False,0.7649966719820962,0.3,242.0
20230310_45000/DISP_1568_EC_1733_T_50497_175234910_data,1,619.0,771.0,ECb,1,623.1083374023438,761.8488159179688,0.023,0.002,0.002,0.211,0.002,0.001,0.757,0.002,0.001,1,DISP,False,0.9127663060238488,0.34,243.0
20230310_65000/CE_1048_SR_724_DISP_4284_ECE_259_201931112_data,1,522.0,635.0,DISP,1,524.763916015625,633.461669921875,0.012,0.002,0.0,0.801,0.001,0.002,0.181,0.001,0.001,2,ECb,False,0.9619270257190266,1.0,542.0
20230310_30000/ECE_11415_155505688_data,1,112.0,578.0,ECE,1,114.859375,649.8768310546875,0.008,0.001,0.004,0.011,0.001,0.0,0.974,0.001,0.0,0,DISP,False,0.8610533086020044,0.21,inf
20230310_55000/ECE_4993_EC_424_185847501_data,1,654.0,814.0,ECa,1,653.327392578125,819.552001953125,0.002,0.001,0.219,0.001,0.002,0.001,0.774,0.0,0.0,1,DISP,False,0.9625530214905942,0.78,511.0
20230310_70000/DISP_9673_CE_5194_ECE_9962_205724853_data,1,172.0,370.0,DISP,1,177.99896240234375,369.947509765625,0.002,0.002,0.774,0.0,0.001,0.001,0.219,0.0,0.0,0,ECa,False,0.96943710789536,0.7,682.0
20230310_35000/E_2820_EC_2776_EC_2941_EC_1904_160135682_data,1,774.0,872.0,ECa,1,773.5556640625,869.3067626953125,0.003,0.001,0.202,0.001,0.001,0.001,0.789,0.001,0.001,3,DISP,False,0.9681284533812136,0.33,651.0
20230310_30000/DISP_638_153817659_data,1,286.0,925.0,DISP,1,293.79052734375,933.6951904296876,0.002,0.866,0.034,0.032,0.004,0.0,0.059,0.002,0.001,0,E,False,0.974547104846493,0.72,inf
20230310_30000/EC_657_154052702_data,1,175.0,437.0,ECb,1,175.89373779296875,428.743408203125,0.016,0.001,0.001,0.156,0.001,0.001,0.823,0.001,0.001,0,DISP,False,0.9650750779013596,0.48,inf
20230310_45000/EC_2243_17343253_data,1,124.0,314.0,ECb,1,126.3333740234375,313.9871826171875,0.035,0.002,0.002,0.229,0.001,0.002,0.726,0.001,0.001,0,DISP,False,0.9876516241776316,0.78,inf
20230310_65000/EC_2569_ECP_10565_202457764_data,1,281.0,474.0,ECb,1,281.74615478515625,472.5872192382813,0.001,0.002,0.001,0.277,0.001,0.001,0.717,0.0,0.0,0,DISP,False,0.9888138054566064,0.74,846.0
20230310_45000/EC_2743_E_5738_175209646_data,1,53.0,517.0,ECb,1,62.04435729980469,523.4364013671875,0.005,0.707,0.017,0.125,0.003,0.0,0.14,0.001,0.002,0,E,False,0.9670927704106193,0.97,350.0
20230310_55000/E_8456_EC_2960_CE_1260_184634985_data,1,260.0,381.0,ECa,1,251.47251892089844,378.8482055664063,0.003,0.001,0.174,0.001,0.002,0.0,0.818,0.0,0.0,1,DISP,False,0.9175520482315755,0.31,151.0
20230310_75000/E_4267_EC_160_DISP_373_215202648_data,1,446.0,582.0,ECa,1,440.7132263183594,584.6530151367188,0.002,0.0,0.14,0.001,0.001,0.0,0.856,0.0,0.0,1,DISP,False,0.9448395132191088,0.79,682.0
20230310_55000/SR_927_EC_69_SR_2776_190731886_data,1,490.0,563.0,ECa,1,488.28912353515625,563.9899291992188,0.001,0.0,0.082,0.001,0.001,0.0,0.915,0.0,0.0,1,DISP,False,0.9643226298535332,0.81,696.0
20230310_40000/ECP_9177_DISP_2167_EC_1041_171016567_data,1,711.0,974.0,ECa,1,714.2418823242188,973.5635375976562,0.004,0.001,0.074,0.001,0.0,0.0,0.919,0.0,0.0,2,DISP,False,0.9860138983780894,0.54,771.0
20230310_15000/E_9912_SR_4132_DISP_10253_T_5339_133526174_data,1,13.0,240.0,E,1,15.317008972167969,229.3050537109375,0.002,0.037,0.044,0.013,0.001,0.0,0.9,0.002,0.001,0,DISP,False,0.9426786111840068,0.42,744.0
20230310_75000/T_3956_DISP_11731_E_8799_EC_450_220618581_data,1,713.0,879.0,ECb,1,710.720947265625,880.72607421875,0.003,0.001,0.002,0.197,0.001,0.001,0.793,0.001,0.001,3,DISP,False,0.9764411401884996,0.32,773.0
20230310_10000/T_7493_EC_471_EC_873_ECE_10557_131345174_data,1,458.0,555.0,ECa,1,453.1373291015625,558.4982299804688,0.002,0.001,0.167,0.001,0.001,0.0,0.825,0.0,0.0,2,DISP,False,0.9206451272800368,0.84,286.0
20230310_10000/EC_2328_DISP_3328_SR_3707_E_5938_124322936_data,1,446.0,530.0,DISP,1,446.1441040039063,529.7222290039062,0.01,0.002,0.0,0.731,0.001,0.002,0.251,0.001,0.001,1,ECb,False,0.994977678571428,0.3,398.0
20230310_75000/ECE_12945_SR_2423_DISP_11075_EC_389_214759230_data,1,722.0,905.0,ECa,1,715.8343505859375,903.043212890625,0.001,0.0,0.086,0.001,0.001,0.0,0.909,0.0,0.0,3,DISP,False,0.9570617786654364,0.46,182.0
20230310_45000/CE_4685_ECE_3028_E_2999_EC_2817_173726214_data,1,826.0,925.0,ECa,1,824.4122924804688,924.9844360351562,0.001,0.001,0.101,0.002,0.001,0.0,0.893,0.0,0.0,3,DISP,False,0.9840609600923284,0.96,444.0
20230310_5000/ECP_5386_E_12702_EC_779_ECE_8113_121732765_data,1,418.0,557.0,ECb,1,418.0266723632813,552.6019897460938,0.003,0.001,0.002,0.259,0.001,0.002,0.731,0.001,0.001,2,DISP,False,0.9681677509554852,0.93,424.0
20230310_75000/DISP_8170_ECE_2253_SR_444_SR_2102_215741851_data,1,146.0,244.0,DISP,1,153.31710815429688,236.05911254882807,0.008,0.002,0.72,0.0,0.003,0.002,0.262,0.002,0.001,0,ECa,False,0.8443061672911346,0.55,325.0
20230310_20000/ECP_11908_ECE_12228_DISP_9743_142648917_data,1,719.0,852.0,DISP,1,733.03515625,839.058837890625,0.002,0.002,0.0,0.803,0.001,0.001,0.189,0.0,0.0,2,ECb,False,0.7971705386513158,0.23,437.0
20230310_80000/EC_2058_DISP_415_DISP_9065_T_51129_223031949_data,1,343.0,494.0,ECa,1,350.07891845703125,485.4622192382813,0.003,0.001,0.269,0.001,0.002,0.001,0.721,0.0,0.001,0,DISP,False,0.8965781508692057,0.51,43.0
20230310_80000/E_3500_EC_2291_ECP_10895_222636630_data,1,549.0,747.0,ECa,1,557.5369873046875,743.063720703125,0.001,0.0,0.085,0.001,0.001,0.0,0.91,0.0,0.0,1,DISP,False,0.9370037040325128,0.37,397.0
20230310_60000/DISP_2151_ECE_7482_EC_2511_ECP_3628_200503315_data,1,62.0,148.0,DISP,1,63.07142639160156,143.10931396484375,0.008,0.001,0.0,0.803,0.001,0.002,0.183,0.001,0.001,0,ECb,False,0.9306731113167696,0.34,62.0
20230310_10000/E_11848_EC_2221_SR_3164_SR_4414_125420470_data,1,294.0,417.0,ECa,1,289.94805908203125,421.5994873046875,0.002,0.001,0.209,0.001,0.001,0.0,0.785,0.0,0.0,1,DISP,False,0.9342853447208757,0.2,605.0
20230310_70000/EC_987_ECE_7179_212229562_data,1,35.0,135.0,ECb,1,35.209068298339844,132.4735107421875,0.012,0.002,0.002,0.243,0.002,0.003,0.729,0.004,0.002,0,DISP,False,0.9726444244384764,0.48,868.0
20230310_65000/EC_1515_EC_1353_202646901_data,1,156.0,327.0,ECb,1,154.1729736328125,331.4438171386719,0.002,0.001,0.001,0.262,0.001,0.001,0.73,0.001,0.0,0,DISP,False,0.9646256350912432,0.49,913.0
20230310_70000/SR_4250_DISP_12945_EC_385_CE_5177_205505533_data,1,308.0,401.0,DISP,1,308.01220703125,397.30706787109375,0.004,0.001,0.954,0.0,0.001,0.001,0.038,0.0,0.0,1,ECa,False,0.9601597939768144,0.44,216.0
20230310_35000/EC_2817_ECE_4761_E_4381_160510225_data,1,56.0,147.0,ECa,1,60.246559143066406,142.88491821289062,0.005,0.001,0.164,0.001,0.001,0.0,0.825,0.001,0.001,0,DISP,False,0.9081138359321342,0.21,568.0
20230310_65000/ECE_4768_EC_3274_EC_242_202541744_data,1,736.0,857.0,ECa,1,728.5244140625,860.6241455078125,0.001,0.0,0.181,0.001,0.001,0.0,0.815,0.0,0.0,2,DISP,False,0.9159746100626432,0.5,140.0
20230310_80000/T_3136_SR_1063_DISP_9637_ECP_3004_222812193_data,1,430.0,704.0,DISP,1,438.03948974609375,697.9838256835938,0.048,0.002,0.001,0.752,0.001,0.003,0.192,0.001,0.001,2,ECb,False,0.9487019559762774,0.54,93.0
20230310_45000/DISP_7255_CE_5411_DISP_7440_SR_1132_172712887_data,1,114.0,206.0,DISP,1,114.87849426269533,203.1565704345703,0.002,0.002,0.0,0.763,0.001,0.001,0.231,0.0,0.0,0,ECb,False,0.9595443062160324,0.61,482.0
20230310_45000/EC_907_T_50897_175110337_data,1,21.0,595.0,ECb,1,26.46063232421875,605.9042358398438,0.001,0.908,0.018,0.029,0.005,0.0,0.037,0.001,0.0,0,E,False,0.9720212862870368,0.31,744.0
20230310_65000/E_9842_CE_1409_DISP_10820_20353780_data,1,27.0,255.0,E,1,25.58920288085937,247.8358154296875,0.003,0.061,0.032,0.025,0.002,0.0,0.873,0.003,0.001,0,DISP,False,0.962621717037146,0.38,742.0
20230310_15000/E_9304_DISP_11031_SR_4250_133746693_data,1,22.0,245.0,E,1,21.94379425048828,246.240966796875,0.023,0.084,0.031,0.069,0.004,0.0,0.783,0.003,0.002,0,DISP,False,0.9942167235919194,0.56,542.0
20230310_70000/SR_3841_E_6825_210423206_data,1,733.0,983.0,E,1,730.6421508789062,987.7113647460938,0.005,0.147,0.819,0.003,0.003,0.004,0.017,0.0,0.002,1,ECa,False,0.972500737210642,0.71,1000.0
20230310_65000/SR_3832_DISP_7961_CE_4406_CE_2784_201608650_data,1,478.0,642.0,ECb,1,482.0840148925781,641.6708984375,0.003,0.88,0.02,0.066,0.005,0.001,0.022,0.002,0.001,2,E,False,0.9730907533226943,0.93,518.0
20230310_75000/EC_2095_SR_289_221118525_data,1,298.0,488.0,ECa,1,302.7138671875,488.5169067382813,0.007,0.001,0.248,0.001,0.001,0.001,0.74,0.001,0.001,0,DISP,False,0.9725443058291569,0.26,656.0
20230310_30000/E_8431_DISP_12208_EC_657_T_50398_15191825_data,1,765.0,872.0,ECa,1,766.311767578125,869.083984375,0.002,0.001,0.093,0.001,0.001,0.0,0.901,0.001,0.001,2,DISP,False,0.96048800744743,0.74,331.0
20230310_60000/DISP_10448_EC_3170_EC_3291_ECP_11805_19420173_data,1,61.0,135.0,DISP,1,60.3180046081543,134.7720489501953,0.001,0.001,0.0,0.786,0.001,0.001,0.209,0.0,0.0,0,ECb,False,0.987815718676556,0.56,880.0
20230310_5000/ECP_4992_EC_2205_DISP_1612_EC_1042_123630819_data,1,629.0,733.0,DISP,1,634.4492797851562,727.6430053710938,0.001,0.002,0.0,0.759,0.001,0.001,0.236,0.0,0.0,2,ECb,False,0.8960935152493991,0.55,552.0
20230310_25000/DISP_7203_EC_977_ECE_10691_EC_352_145906951_data,1,22.0,72.0,DISP,1,20.958890914916992,73.19283294677734,0.017,0.003,0.0,0.86,0.002,0.004,0.111,0.001,0.002,0,ECb,False,0.9572319847026336,0.47,728.0
20230310_30000/EC_1856_152226692_data,1,48.0,534.0,ECa,1,53.1787109375,519.8676147460938,0.004,0.001,0.235,0.001,0.001,0.001,0.757,0.001,0.0,0,DISP,False,0.9602652341740612,0.69,inf
20230310_20000/DISP_10103_CE_522_EC_155_ECP_8455_142749239_data,1,127.0,234.0,DISP,1,134.33087158203125,231.9364624023437,0.001,0.002,0.0,0.905,0.001,0.001,0.091,0.0,0.0,0,ECb,False,0.912201783367406,0.74,340.0
20230310_75000/EC_843_SR_4122_SR_1970_220956884_data,1,26.0,121.0,ECb,1,21.966812133789062,121.37083435058594,0.015,0.002,0.002,0.21,0.001,0.002,0.765,0.001,0.002,0,DISP,False,0.9556957342511568,0.39,774.0
20230310_40000/EC_2962_ECE_7980_DISP_2770_171317222_data,1,640.0,727.0,DISP,1,646.6494140625,724.489990234375,0.002,0.002,0.0,0.74,0.001,0.001,0.253,0.0,0.0,2,ECb,False,0.8947192663433908,0.4,70.0
20230310_10000/E_8751_SR_4815_SR_4608_124558866_data,1,17.0,226.0,E,1,18.483230590820312,225.0825958251953,0.007,0.165,0.039,0.037,0.002,0.0,0.745,0.003,0.002,0,DISP,False,0.9885137092553828,0.44,619.0
20230310_65000/SR_4715_EC_2579_EC_2433_T_50302_201613521_data,1,298.0,405.0,ECa,1,301.03887939453125,406.18463134765625,0.008,0.002,0.246,0.002,0.003,0.001,0.735,0.001,0.001,1,DISP,False,0.9609601595940642,0.37,125.0
20230310_80000/T_50426_DISP_4375_E_5158_224818116_data,1,356.0,708.0,E,1,358.21173095703125,711.7344360351562,0.008,0.006,0.01,0.018,0.003,0.0,0.951,0.003,0.001,2,DISP,False,0.9832848147667104,0.34,405.0
20230310_15000/T_50058_SR_1404_DISP_7007_DISP_8210_132606783_data,1,388.0,543.0,DISP,1,390.2608947753906,539.2969360351562,0.005,0.002,0.0,0.755,0.001,0.002,0.235,0.001,0.0,2,ECb,False,0.9615228468371976,0.78,774.0
20230310_30000/DISP_10380_EC_2872_DISP_2606_SR_1058_152228721_data,1,105.0,269.0,DISP,1,103.86394500732422,264.3270263671875,0.003,0.002,0.0,0.775,0.001,0.002,0.215,0.0,0.001,0,ECb,False,0.9648227721938378,0.94,442.0
20230310_30000/DISP_10380_EC_2872_DISP_2606_SR_1058_152228721_data,1,528.0,646.0,DISP,1,535.7241821289062,649.7987670898438,0.002,0.001,0.0,0.873,0.0,0.001,0.123,0.0,0.0,2,ECb,False,0.905393547947409,0.66,9.0
20230310_65000/EC_1922_ECE_11879_EC_1533_ECP_5436_20345837_data,1,26.0,150.0,ECb,1,26.95745849609375,145.8670654296875,0.002,0.002,0.002,0.152,0.002,0.001,0.837,0.001,0.001,0,DISP,False,0.9589484430128528,0.79,390.0
20230310_15000/EC_869_13531913_data,1,93.0,370.0,ECb,1,88.14738464355469,367.0913696289063,0.029,0.002,0.002,0.182,0.001,0.003,0.774,0.004,0.003,0,DISP,False,0.9724634603169328,0.72,inf
20230310_50000/EC_1651_ECP_50773_175937236_data,1,154.0,322.0,ECb,1,158.9407501220703,316.4091186523437,0.002,0.001,0.001,0.281,0.001,0.001,0.713,0.0,0.001,0,DISP,False,0.9373117174421036,0.76,795.0
20230310_75000/EC_2792_SR_4182_EC_269_SR_204_215441579_data,1,98.0,222.0,ECb,1,100.04882049560548,225.2666015625,0.01,0.001,0.001,0.133,0.001,0.0,0.851,0.001,0.0,0,DISP,False,0.9582339593196798,0.75,220.0
20230310_55000/EC_3445_EC_1961_ECE_3891_184557288_data,1,396.0,533.0,ECa,1,399.38037109375,524.9691772460938,0.004,0.001,0.205,0.001,0.001,0.0,0.786,0.001,0.001,1,DISP,False,0.9167066142506844,0.26,884.0
20230310_65000/DISP_10864_EC_2032_ECP_11122_203048634_data,1,177.0,299.0,DISP,1,183.78466796875,292.1255798339844,0.001,0.001,0.0,0.718,0.0,0.0,0.278,0.0,0.0,0,ECb,False,0.8880402611904457,0.59,373.0
20230310_70000/EC_1306_SR_3182_ECP_50741_210925258_data,1,211.0,314.0,ECa,1,208.63150024414065,313.8685607910156,0.002,0.001,0.159,0.001,0.001,0.0,0.834,0.001,0.001,0,DISP,False,0.9762743232499644,0.84,680.0
20230310_65000/DISP_2978_E_7556_EC_1432_T_50479_203359250_data,1,575.0,719.0,ECa,1,568.8582763671875,723.9188232421875,0.004,0.001,0.282,0.001,0.001,0.001,0.708,0.001,0.001,2,DISP,False,0.9286694965424293,0.57,199.0
20230310_20000/ECE_8512_EC_779_E_8245_SR_4249_141925367_data,1,385.0,551.0,ECa,1,395.3469848632813,547.9739379882812,0.001,0.0,0.009,0.002,0.0,0.0,0.988,0.0,0.0,1,DISP,False,0.9194394766566262,0.53,15.0
20230310_20000/EC_52_142331555_data,1,119.0,589.0,ECb,1,134.78482055664062,561.417724609375,0.004,0.774,0.004,0.2,0.004,0.001,0.008,0.002,0.003,0,E,False,0.9077295830909242,0.89,inf
20230310_80000/E_2535_ECP_50595_222334504_data,1,19.0,314.0,E,1,22.544174194335938,319.78594970703125,0.015,0.04,0.026,0.04,0.003,0.0,0.871,0.003,0.002,0,DISP,False,0.9689808519631492,0.33,612.0
20230310_20000/EC_330_141304422_data,1,487.0,754.0,ECa,1,477.8512878417969,748.0975341796875,0.008,0.001,0.256,0.001,0.001,0.001,0.731,0.001,0.001,0,DISP,False,0.9454961138117024,0.5,inf
20230310_5000/SR_3268_CE_4287_EC_2473_CE_4399_120436966_data,1,427.0,527.0,ECa,1,437.3154296875,525.4199829101562,0.005,0.001,0.175,0.001,0.002,0.001,0.814,0.001,0.0,2,DISP,False,0.8810455322265625,0.48,295.0
20230310_25000/CE_272_DISP_3534_T_50787_144601238_data,1,574.0,787.0,DISP,1,579.149169921875,778.6124267578125,0.045,0.002,0.0,0.715,0.001,0.001,0.234,0.0,0.001,1,ECb,False,0.9364472151921948,0.91,207.0
20230310_60000/EC_1437_ECE_11577_SR_175_SR_494_194857821_data,1,65.0,169.0,ECb,1,65.48085021972656,167.15679931640625,0.002,0.001,0.002,0.114,0.001,0.001,0.878,0.001,0.001,0,DISP,False,0.9776533566988432,0.29,53.0
20230310_50000/EC_3118_EC_2851_ECP_1151_18283860_data,1,586.0,710.0,ECa,1,584.33154296875,708.0220947265625,0.003,0.001,0.268,0.001,0.001,0.001,0.724,0.001,0.001,1,DISP,False,0.9709842677245512,0.45,223.0
20230310_65000/E_11541_ECE_11954_EC_3350_SR_3702_204458805_data,1,558.0,717.0,ECb,1,553.2523803710938,719.1758422851562,0.002,0.001,0.001,0.204,0.001,0.001,0.789,0.001,0.001,2,DISP,False,0.9582731589963546,0.77,56.0
20230310_75000/DISP_8624_E_12156_EC_189_E_8763_215023484_data,1,417.0,611.0,ECa,1,426.5350341796875,609.493408203125,0.003,0.001,0.21,0.001,0.001,0.001,0.782,0.001,0.0,2,DISP,False,0.9430844021826676,0.24,562.0
20230310_35000/E_1084_EC_2921_E_7169_T_51125_162538625_data,1,708.0,842.0,E,1,706.9609375,840.001220703125,0.005,0.124,0.079,0.031,0.006,0.001,0.745,0.007,0.002,2,DISP,False,0.9775039774370842,0.77,437.0
20230310_5000/T_5656_EC_921_SR_4249_EC_3181_120045279_data,1,220.0,331.0,ECb,1,217.5067443847656,328.2323913574219,0.002,0.001,0.002,0.07,0.001,0.001,0.922,0.0,0.0,1,DISP,False,0.9536460186176352,0.42,211.0
20230310_60000/EC_2817_EC_1502_194018550_data,1,503.0,743.0,ECa,1,507.7684326171875,740.0794677734375,0.025,0.002,0.201,0.002,0.002,0.001,0.765,0.001,0.001,1,DISP,False,0.967962646484375,0.66,439.0
20230310_5000/SR_1941_ECE_2348_E_4908_T_50312_123434868_data,1,222.0,376.0,ECE,1,226.97120666503903,372.7545166015625,0.024,0.908,0.008,0.035,0.016,0.0,0.003,0.003,0.003,1,E,False,0.9466448697176848,0.26,690.0
20230310_5000/EC_2448_EC_2371_DISP_4296_122631864_data,1,402.0,510.0,ECa,1,400.0234069824219,509.0668640136719,0.003,0.001,0.254,0.001,0.001,0.001,0.739,0.001,0.001,1,DISP,False,0.9735422881899862,0.91,271.0
20230310_15000/DISP_5597_SR_4067_DISP_8749_DISP_2453_13234370_data,1,453.0,586.0,DISP,1,455.7048034667969,586.6136474609375,0.003,0.8,0.041,0.029,0.004,0.0,0.115,0.005,0.003,2,E,False,0.9751638325066716,0.58,752.0
20230310_80000/E_1502_ECE_3602_EC_234_DISP_10608_224731584_data,1,872.0,956.0,DISP,1,871.6574096679688,964.2288208007812,0.001,0.001,0.0,0.743,0.0,0.001,0.253,0.0,0.0,3,ECb,False,0.9074075783449486,0.84,713.0
20230310_75000/SR_1070_EC_700_214015272_data,1,588.0,808.0,ECa,1,579.540283203125,809.173583984375,0.004,0.001,0.192,0.002,0.002,0.001,0.798,0.0,0.001,1,DISP,False,0.9580491995347542,0.42,230.0
20230310_25000/EC_2526_SR_3561_145527244_data,1,40.0,174.0,ECb,1,38.29596710205078,171.7020263671875,0.008,0.001,0.001,0.257,0.001,0.001,0.732,0.0,0.001,0,DISP,False,0.970509302890274,0.44,243.0
20230310_50000/T_8922_SR_4132_E_12719_EC_93_182836632_data,1,340.0,587.0,E,1,339.5425109863281,583.1708984375,0.009,0.176,0.048,0.033,0.004,0.0,0.722,0.006,0.002,2,DISP,False,0.9826774667711308,0.42,99.0
20230310_55000/E_12249_CE_104_EC_779_E_12968_185159562_data,1,577.0,725.0,ECa,1,580.5256958007812,718.0098266601562,0.002,0.002,0.117,0.003,0.002,0.001,0.872,0.001,0.001,2,DISP,False,0.9289468301309122,0.53,10.0
20230310_35000/SR_653_EC_2695_ECE_5530_162111900_data,1,409.0,492.0,ECa,1,406.1582946777344,491.7312316894531,0.002,0.001,0.157,0.001,0.001,0.0,0.837,0.001,0.001,1,DISP,False,0.9637650065182743,0.92,231.0
20230310_40000/ECE_11292_EC_3267_DISP_11499_170533492_data,1,487.0,588.0,ECb,1,486.7997131347656,588.166748046875,0.003,0.001,0.001,0.161,0.001,0.001,0.831,0.001,0.0,1,DISP,False,0.9963791491738156,0.89,632.0
20230310_20000/T_8523_E_12843_135913745_data,1,336.0,806.0,E,1,342.5115051269531,820.88232421875,0.004,0.17,0.036,0.021,0.001,0.0,0.765,0.002,0.001,1,DISP,False,0.9558783063907864,0.61,498.0
20230310_80000/ECE_2873_ECE_7159_ECE_2685_EC_2733_22490923_data,1,914.0,969.0,ECa,1,913.417236328125,968.8848876953124,0.01,0.001,0.117,0.001,0.001,0.0,0.868,0.001,0.0,3,DISP,False,0.9874443814869944,0.96,343.0
20230310_75000/ECP_901_EC_3208_EC_816_215825590_data,1,799.0,929.0,ECa,1,790.3184814453125,930.4066162109376,0.002,0.0,0.241,0.001,0.001,0.0,0.755,0.0,0.0,2,DISP,False,0.9279872290219076,0.39,86.0
20230310_20000/T_8576_EC_731_DISP_9106_142500930_data,1,347.0,498.0,ECb,1,343.8409423828125,496.8951416015625,0.011,0.001,0.001,0.174,0.001,0.001,0.811,0.001,0.001,1,DISP,False,0.9723408012378144,0.37,951.0
20230310_30000/ECP_12177_EC_3126_152848125_data,1,550.0,839.0,ECa,1,593.7833251953125,832.9521484375,0.002,0.0,0.237,0.0,0.001,0.0,0.758,0.001,0.0,1,DISP,False,0.8275737828449394,0.47,668.0
20230310_5000/SR_4792_DISP_692_SR_1473_CE_3406_120909161_data,1,397.0,536.0,DISP,1,398.2230224609375,535.4042358398438,0.008,0.002,0.0,0.862,0.001,0.001,0.126,0.0,0.0,1,ECb,False,0.9869152041647932,0.54,424.0
20230310_5000/E_5287_E_4023_120538598_data,1,82.0,491.0,E,1,94.1931610107422,488.2124633789063,0.011,0.059,0.053,0.021,0.003,0.0,0.847,0.005,0.001,0,DISP,False,0.963372377428274,0.33,324.0
20230310_5000/EC_656_SR_4815_SR_4132_ECP_11415_123955245_data,1,64.0,168.0,ECb,1,62.54069137573242,164.48118591308594,0.004,0.002,0.003,0.247,0.001,0.002,0.736,0.001,0.003,0,DISP,False,0.9527957960646434,0.42,47.0
20230310_5000/DISP_3181_CE_531_DISP_2906_E_1366_12034967_data,1,35.0,93.0,DISP,1,34.13800811767578,93.60198974609376,0.04,0.004,0.001,0.753,0.003,0.002,0.193,0.001,0.002,0,ECb,False,0.975380363232886,0.62,969.0
20230310_60000/EC_2611_T_50132_194404749_data,1,203.0,455.0,ECa,1,202.84051513671875,451.5112915039063,0.01,0.0,0.105,0.001,0.001,0.0,0.882,0.0,0.0,0,DISP,False,0.9855321985553984,0.56,981.0
20230310_60000/EC_2599_EC_1227_DISP_19_DISP_5183_195827395_data,1,67.0,234.0,ECa,1,68.67374420166016,236.4954528808593,0.002,0.875,0.106,0.003,0.005,0.0,0.006,0.002,0.001,0,E,False,0.9754023071908008,0.92,874.0
20230310_10000/EC_2716_DISP_932_124547743_data,1,416.0,501.0,ECa,1,409.3516540527344,499.1507263183594,0.014,0.002,0.147,0.002,0.002,0.001,0.83,0.001,0.001,0,DISP,False,0.9072801637489916,0.25,45.0
20230310_75000/EC_907_213839728_data,1,289.0,976.0,ECa,1,288.3299560546875,972.8116455078124,0.01,0.779,0.038,0.113,0.02,0.001,0.035,0.001,0.002,0,E,False,0.9943891718543334,0.49,inf
20230310_80000/ECP_113_DISP_5300_DISP_2027_T_50223_224921995_data,1,670.0,795.0,DISP,1,674.0140380859375,790.5604248046875,0.021,0.003,0.0,0.759,0.001,0.002,0.212,0.001,0.001,2,ECb,False,0.93237109375,0.52,170.0
20230310_30000/SR_3010_DISP_8182_CE_2682_CE_4329_153251411_data,1,336.0,428.0,DISP,1,338.3620300292969,425.9389343261719,0.003,0.001,0.809,0.0,0.001,0.001,0.183,0.001,0.001,1,ECa,False,0.9519228727921196,0.62,955.0
20230310_35000/DISP_4551_CE_282_ECE_3506_EC_1443_161626395_data,1,60.0,130.0,DISP,1,59.0555305480957,132.83082580566406,0.009,0.001,0.0,0.86,0.0,0.002,0.127,0.001,0.001,0,ECb,False,0.9488271074431104,0.93,961.0
20230310_55000/EC_1871_19093799_data,1,326.0,666.0,ECb,1,323.12518310546875,662.8129272460938,0.016,0.001,0.0,0.236,0.0,0.0,0.745,0.001,0.0,0,DISP,False,0.982320399895971,0.52,inf
20230310_15000/DISP_12442_SR_4245_EC_2548_ECP_12392_134312334_data,1,73.0,215.0,DISP,1,75.98052215576172,206.82696533203125,0.003,0.002,0.0,0.763,0.001,0.001,0.228,0.001,0.0,0,ECb,False,0.9214538251849969,0.42,46.0
20230310_40000/EC_2157_E_5224_EC_2762_165837789_data,1,867.0,951.0,ECa,1,867.0585327148438,949.8585815429688,0.003,0.001,0.283,0.001,0.001,0.001,0.71,0.0,0.001,2,DISP,False,0.985714867001488,0.38,955.0
20230310_35000/T_1462_EC_2909_163752367_data,1,387.0,610.0,ECb,1,392.6822814941406,602.5209350585938,0.037,0.001,0.001,0.218,0.001,0.001,0.738,0.001,0.001,1,DISP,False,0.9409805092576372,0.2,709.0
20230310_30000/ECP_51806_ECE_12300_DISP_10650_DISP_2481_152014141_data,1,529.0,640.0,DISP,1,539.0072631835938,631.2763061523438,0.002,0.001,0.0,0.854,0.001,0.001,0.141,0.0,0.0,2,ECb,False,0.8312526393581081,0.68,29.0
20230310_25000/DISP_11805_CE_522_E_8210_CE_825_144511554_data,1,91.0,236.0,DISP,1,94.02523803710938,232.6795959472656,0.01,0.001,0.754,0.0,0.002,0.002,0.229,0.001,0.0,0,ECa,False,0.9562369511045256,0.69,304.0
20230310_25000/EC_2299_DISP_4711_ECP_10291_150046419_data,1,254.0,437.0,ECa,1,270.33551025390625,421.0830078125,0.009,0.001,0.149,0.001,0.001,0.001,0.836,0.001,0.001,0,DISP,False,0.8237568172600751,0.24,58.0
20230310_5000/CE_3694_E_7456_E_413_123454212_data,1,430.0,667.0,E,1,427.599609375,671.8419189453125,0.006,0.126,0.053,0.041,0.003,0.0,0.766,0.002,0.002,1,DISP,False,0.9703478501204248,0.89,178.0
20230310_70000/CE_4785_CE_2857_CE_2948_211838787_data,1,717.0,970.0,ECb,1,726.177978515625,971.306396484375,0.002,0.876,0.007,0.092,0.002,0.0,0.019,0.001,0.001,2,E,False,0.9587726650019824,1.0,601.0
20230310_20000/DISP_10622_ECE_1424_ECE_7620_140058123_data,1,19.0,148.0,DISP,1,20.24674224853516,141.0413818359375,0.011,0.002,0.0,0.901,0.001,0.004,0.079,0.001,0.001,0,ECb,False,0.9363925549411034,0.63,511.0
20230310_70000/CE_4974_CE_5618_ECP_4326_212713232_data,1,3.0,246.0,ECa,1,5.017784118652344,251.2627868652344,0.006,0.212,0.004,0.743,0.01,0.002,0.02,0.0,0.002,0,ECb,False,0.9706739335531632,0.45,672.0
20230310_15000/CE_1358_ECE_12861_EC_726_ECE_11534_132123740_data,1,565.0,624.0,ECa,1,554.6227416992188,630.8118286132812,0.009,0.001,0.199,0.001,0.001,0.0,0.788,0.0,0.001,2,DISP,False,0.7743891204070875,0.39,153.0
20230310_10000/ECE_4513_ECE_12892_130604351_data,1,791.0,959.0,ECE,1,759.9467163085938,952.9094848632812,0.005,0.002,0.017,0.013,0.014,0.0,0.946,0.001,0.001,1,DISP,False,0.8133977086973893,0.8,223.0
20230310_5000/CE_5269_121619846_data,1,210.0,975.0,ECb,1,201.76809692382807,992.090576171875,0.015,0.708,0.122,0.09,0.007,0.003,0.05,0.001,0.004,0,E,False,0.96795930786109,0.55,inf
20230310_20000/EC_3358_EC_886_ECP_8738_141654913_data,1,111.0,240.0,ECa,1,98.20677947998048,248.48849487304688,0.001,0.001,0.285,0.0,0.001,0.0,0.71,0.0,0.0,0,DISP,False,0.8583878595116948,0.7,293.0
20230310_40000/T_58_ECE_12647_ECE_9064_165252420_data,1,698.0,891.0,ECE,1,678.9000244140625,887.27392578125,0.002,0.002,0.013,0.013,0.011,0.0,0.957,0.002,0.0,2,DISP,False,0.8923807051762768,0.31,184.0
20230310_5000/E_1802_EC_1247_E_1432_122706736_data,1,516.0,694.0,ECa,1,519.3709716796875,686.8319091796875,0.001,0.0,0.255,0.001,0.001,0.001,0.741,0.0,0.0,1,DISP,False,0.9407917837078652,0.97,140.0
20230310_75000/CE_461_CE_4843_EC_190_T_3776_221255233_data,1,815.0,881.0,ECa,1,808.209716796875,878.7152099609375,0.028,0.001,0.199,0.002,0.004,0.001,0.762,0.001,0.002,2,DISP,False,0.8753257599388226,0.33,272.0
20230310_5000/T_4359_E_10469_ECE_11382_DISP_9880_122823363_data,1,224.0,382.0,E,1,225.0108337402344,380.5213317871094,0.004,0.06,0.075,0.021,0.004,0.001,0.829,0.005,0.001,1,DISP,False,0.9842436585245252,0.75,835.0
20230310_55000/EC_1965_190901806_data,1,628.0,839.0,ECa,1,619.7152709960938,841.1105346679688,0.006,0.001,0.257,0.001,0.001,0.001,0.731,0.001,0.001,0,DISP,False,0.953046585100928,0.34,inf
20230310_30000/CE_1515_EC_417_EC_3009_153043491_data,1,687.0,818.0,ECa,1,694.6673583984375,806.6588134765625,0.01,0.001,0.153,0.002,0.001,0.001,0.827,0.003,0.001,2,DISP,False,0.8548966036498091,0.21,868.0
20230310_5000/ECP_11295_EC_1138_T_50349_123212594_data,1,622.0,823.0,ECa,1,628.167724609375,817.2120361328125,0.018,0.001,0.088,0.001,0.001,0.0,0.889,0.001,0.0,1,DISP,False,0.9405189628031716,0.47,170.0
20230310_80000/SR_4217_SR_2789_DISP_5539_DISP_3219_221820493_data,1,544.0,655.0,DISP,1,547.0797119140625,650.4471435546875,0.001,0.002,0.0,0.789,0.001,0.001,0.204,0.0,0.0,2,ECb,False,0.9312381228885136,0.74,520.0
20230310_15000/ECP_10434_SR_638_EC_2694_T_50495_133703886_data,1,620.0,749.0,ECb,1,620.6135864257812,749.0811157226562,0.002,0.001,0.002,0.224,0.001,0.001,0.769,0.001,0.0,2,DISP,False,0.994618096190537,0.38,746.0
20230310_65000/EC_2932_20222547_data,1,246.0,831.0,ECa,1,280.2523498535156,829.7696533203125,0.001,0.836,0.151,0.002,0.003,0.0,0.004,0.001,0.001,0,E,False,0.9393458178919604,0.5,inf
20230310_5000/SR_1365_CE_2345_121846567_data,1,633.0,993.0,ECb,1,628.5316772460938,989.9778442382812,0.005,0.088,0.878,0.002,0.004,0.009,0.011,0.001,0.003,1,ECa,False,0.9794482042800668,0.22,720.0
20230310_80000/EC_2521_DISP_10328_SR_3885_ECE_5_222015963_data,1,122.0,254.0,ECa,1,124.12981414794922,252.01220703125,0.002,0.0,0.053,0.001,0.001,0.0,0.941,0.001,0.0,0,DISP,False,0.9688060066916726,0.52,522.0
20230310_50000/SR_2658_EC_1277_T_50543_182300592_data,1,384.0,577.0,ECa,1,387.8969421386719,572.6280517578125,0.012,0.001,0.216,0.001,0.001,0.001,0.767,0.001,0.001,1,DISP,False,0.9571560083893296,0.35,196.0
20230310_45000/CE_2148_CE_3694_175542532_data,1,573.0,992.0,ECb,1,591.4720458984375,986.1956787109376,0.007,0.865,0.038,0.068,0.004,0.002,0.013,0.001,0.003,1,E,False,0.9420611761634848,0.54,597.0
20230310_60000/DISP_3108_EC_2747_195711843_data,1,619.0,878.0,ECa,1,623.07958984375,878.4169921875,0.003,0.0,0.04,0.002,0.0,0.0,0.953,0.0,0.0,1,DISP,False,0.9826665863583832,0.71,627.0
20230310_30000/SR_1327_EC_55_EC_2662_153706539_data,1,704.0,832.0,ECa,1,701.8890991210938,832.2089233398438,0.002,0.001,0.231,0.001,0.001,0.001,0.763,0.0,0.0,2,DISP,False,0.9821989921130032,0.71,872.0
20230310_45000/ECE_127_DISP_7747_E_6647_CE_119_173026445_data,1,318.0,425.0,DISP,1,316.5325622558594,426.3330383300781,0.004,0.001,0.0,0.797,0.001,0.001,0.195,0.0,0.0,1,ECb,False,0.9744948640083692,0.45,191.0
20230310_10000/E_12281_ECE_10055_EC_282_DISP_11499_130539719_data,1,616.0,702.0,ECa,1,609.9573364257812,706.2111206054688,0.002,0.001,0.289,0.001,0.001,0.001,0.706,0.0,0.0,2,DISP,False,0.8934713656499402,0.39,176.0
20230310_40000/CE_5755_EC_2882_ECE_5608_ECP_50121_171607936_data,1,391.0,484.0,ECa,1,387.5870971679688,481.4966430664063,0.001,0.001,0.083,0.001,0.002,0.0,0.91,0.0,0.0,1,DISP,False,0.9386362240754011,0.34,858.0
20230310_20000/EC_1024_EC_2406_142404652_data,1,795.0,925.0,ECa,1,792.0101928710938,925.0347290039062,0.006,0.001,0.226,0.001,0.001,0.001,0.761,0.002,0.001,1,DISP,False,0.977263321333496,0.6,821.0
20230310_65000/ECP_11087_E_5732_EC_3107_T_50529_200926394_data,1,375.0,594.0,E,1,387.4455261230469,593.1337890625,0.007,0.11,0.05,0.039,0.006,0.0,0.781,0.005,0.001,1,DISP,False,0.9392158125089184,0.21,250.0
20230310_15000/EC_434_SR_4616_135113110_data,1,44.0,343.0,ECa,1,47.61933898925781,330.961669921875,0.001,0.001,0.102,0.002,0.001,0.0,0.892,0.0,0.0,0,DISP,False,0.9476332138214622,0.76,303.0
20230310_50000/CE_1360_DISP_10932_SR_4227_DISP_9912_181816394_data,1,429.0,560.0,DISP,1,430.3921203613281,553.6859130859375,0.001,0.002,0.0,0.723,0.001,0.001,0.271,0.0,0.0,1,ECb,False,0.9411739902641936,0.28,597.0
20230310_35000/CE_1059_DISP_8734_16160651_data,1,7.0,264.0,ECa,1,6.000846862792969,261.3096923828125,0.007,0.094,0.08,0.02,0.002,0.0,0.794,0.001,0.002,0,DISP,False,0.9856997175784044,0.52,931.0
20230310_5000/T_4754_DISP_9824_CE_5024_122341197_data,1,536.0,984.0,ECb,1,576.12451171875,976.81396484375,0.005,0.886,0.036,0.046,0.006,0.0,0.017,0.001,0.002,2,E,False,0.8943961007254464,0.2,2.0
20230310_45000/DISP_7625_EC_1277_DISP_6410_T_50335_173944207_data,1,369.0,559.0,ECa,1,371.881103515625,557.0517578125,0.002,0.001,0.22,0.001,0.002,0.001,0.774,0.0,0.0,1,DISP,False,0.9745823910361842,0.74,53.0
20230310_65000/ECP_50471_E_1656_SR_2899_E_1127_204419291_data,1,337.0,493.0,E,1,337.5078125,491.17669677734375,0.004,0.059,0.064,0.022,0.006,0.001,0.833,0.009,0.002,1,DISP,False,0.9850569504957932,0.83,477.0
20230310_10000/CE_230_DISP_9514_EC_157_130754876_data,1,455.0,560.0,DISP,1,452.0621337890625,565.0150756835938,0.003,0.002,0.0,0.8,0.001,0.001,0.193,0.0,0.0,1,ECb,False,0.929590661729225,0.67,391.0
20230310_20000/ECE_3573_EC_69_CE_4691_141218273_data,1,579.0,662.0,ECa,1,574.7592163085938,663.0294799804688,0.006,0.001,0.1,0.003,0.002,0.001,0.887,0.001,0.001,1,DISP,False,0.9402940078273015,0.26,173.0
20230310_45000/E_2296_DISP_5926_DISP_7136_CE_2724_173759913_data,1,546.0,653.0,DISP,1,547.5328979492188,643.5929565429688,0.012,0.001,0.0,0.849,0.001,0.002,0.133,0.001,0.001,2,ECb,False,0.8977575569509346,0.71,677.0
20230310_80000/DISP_1320_EC_1128_DISP_1608_EC_2462_223205633_data,1,492.0,589.0,DISP,1,492.6677856445313,588.3207397460938,0.007,0.001,0.821,0.0,0.002,0.001,0.167,0.0,0.0,2,ECa,False,0.986112928882087,0.6,550.0
20230310_55000/E_9789_SR_4608_EC_123_192533272_data,1,10.0,203.0,E,1,9.477897644042969,201.6983337402344,0.003,0.043,0.04,0.032,0.004,0.0,0.874,0.004,0.001,0,DISP,False,0.9905759156524248,0.88,877.0
20230310_5000/E_12437_CE_241_EC_3086_121600712_data,1,696.0,827.0,ECa,1,695.22021484375,826.7218017578125,0.003,0.001,0.238,0.001,0.001,0.0,0.756,0.0,0.0,2,DISP,False,0.9919715804879856,0.4,441.0
20230310_30000/DISP_5051_154908550_data,1,427.0,943.0,DISP,1,448.9962463378906,940.40087890625,0.017,0.823,0.029,0.03,0.003,0.0,0.091,0.004,0.003,0,E,False,0.9523345592410064,0.22,inf
20230310_15000/SR_4866_ECE_4119_ECE_8906_DISP_11842_135740732_data,1,529.0,677.0,ECE,1,530.4760131835938,675.4890747070312,0.003,0.915,0.014,0.019,0.038,0.0,0.005,0.004,0.003,2,E,False,0.9798179832664696,1.0,375.0
20230310_75000/E_6169_EC_2127_EC_1391_E_3492_220307845_data,1,253.0,347.0,ECa,1,252.776123046875,348.4237670898437,0.007,0.001,0.253,0.001,0.002,0.001,0.733,0.001,0.001,1,DISP,False,0.982773814666794,0.35,294.0
20230310_15000/DISP_6036_E_3749_ECE_2867_EC_1315_133404351_data,1,91.0,198.0,DISP,1,92.31082153320312,200.67974853515625,0.002,0.001,0.0,0.771,0.0,0.001,0.224,0.0,0.0,0,ECb,False,0.9636161632237856,0.94,79.0
20230310_45000/DISP_10328_EC_1712_EC_1122_ECP_51660_173404470_data,1,441.0,591.0,ECb,1,444.2732543945313,586.8942260742188,0.001,0.001,0.001,0.253,0.0,0.0,0.742,0.0,0.0,1,DISP,False,0.9508064778645828,0.69,3.0
20230310_50000/EC_393_SR_1356_EC_160_182033837_data,1,709.0,861.0,ECa,1,705.4322509765625,865.451416015625,0.003,0.001,0.157,0.002,0.002,0.001,0.835,0.0,0.0,2,DISP,False,0.94988622120916,0.31,181.0
20230310_40000/EC_1367_170219156_data,1,346.0,642.0,ECa,1,354.5270690917969,631.8497314453125,0.003,0.001,0.176,0.0,0.001,0.0,0.817,0.001,0.0,0,DISP,False,0.9369008863294448,0.94,inf
20230310_50000/E_12637_DISP_9976_EC_347_182403813_data,1,20.0,274.0,E,1,16.816253662109375,278.7675476074219,0.009,0.029,0.028,0.017,0.001,0.0,0.913,0.001,0.001,0,DISP,False,0.9696459069716508,0.69,654.0
20230310_50000/EC_779_180440117_data,1,125.0,699.0,ECb,1,128.800048828125,694.2286987304688,0.004,0.001,0.001,0.068,0.001,0.0,0.924,0.001,0.0,0,DISP,False,0.9850673343246408,0.83,inf
20230310_35000/CE_1339_DISP_10932_DISP_11971_164053146_data,1,405.0,564.0,DISP,1,419.7345581054688,550.6431884765625,0.011,0.003,0.0,0.869,0.001,0.001,0.114,0.001,0.001,1,ECb,False,0.8233247193150547,0.45,358.0
20230310_30000/DISP_11597_DISP_5869_DISP_5869_155552703_data,1,92.0,195.0,DISP,1,94.35862731933594,192.0200042724609,0.001,0.002,0.0,0.821,0.001,0.001,0.172,0.0,0.0,0,ECb,False,0.9481687082827668,0.77,711.0
20230310_35000/E_10826_SR_4247_DISP_11031_163418192_data,1,15.0,248.0,E,1,16.409095764160156,252.0420837402344,0.007,0.022,0.02,0.015,0.001,0.0,0.933,0.001,0.001,0,DISP,False,0.9770033260829402,0.38,270.0
20230310_70000/ECE_1774_DISP_4550_DISP_7818_205859747_data,1,917.0,982.0,DISP,1,911.3357543945312,982.6572875976562,0.014,0.001,0.783,0.0,0.001,0.002,0.199,0.0,0.001,2,ECa,False,0.9113657135619736,0.86,201.0
20230310_70000/DISP_8161_EC_3366_EC_1333_EC_2448_213349410_data,1,94.0,190.0,DISP,1,96.31107330322266,188.8187561035156,0.001,0.001,0.0,0.711,0.001,0.001,0.285,0.0,0.0,0,ECb,False,0.9636216958363848,0.99,189.0
20230310_80000/E_2512_SR_3143_SR_4896_222033351_data,1,24.0,270.0,E,1,21.55702209472656,271.1640014648437,0.005,0.093,0.08,0.016,0.002,0.0,0.801,0.002,0.001,0,DISP,False,0.9855493649287398,0.94,470.0
20230310_55000/CE_681_SR_4326_CE_5703_191428613_data,1,21.0,252.0,ECa,1,20.01148223876953,246.91778564453125,0.001,0.056,0.024,0.04,0.001,0.0,0.875,0.001,0.001,0,DISP,False,0.9738317560917072,0.36,862.0
20230310_80000/SR_516_EC_1033_22415333_data,1,605.0,786.0,ECa,1,604.5578002929688,786.5051879882812,0.006,0.0,0.134,0.001,0.001,0.001,0.856,0.001,0.0,1,DISP,False,0.9947930678900486,0.78,644.0
20230310_40000/SR_1064_CE_1673_EC_2675_E_6881_170215283_data,1,539.0,650.0,ECb,1,534.2324829101562,630.3892211914062,0.009,0.001,0.0,0.221,0.001,0.0,0.768,0.0,0.0,2,DISP,False,0.7894202405712976,0.79,162.0
20230310_80000/SR_4900_EC_1584_222601973_data,1,507.0,639.0,ECb,1,505.77545166015625,637.7556762695312,0.011,0.001,0.001,0.179,0.001,0.0,0.806,0.0,0.001,1,DISP,False,0.9814683397235874,0.32,447.0
20230310_75000/T_6559_E_8668_EC_2986_ECP_10148_214434703_data,1,688.0,794.0,ECb,1,688.338134765625,793.299560546875,0.003,0.002,0.002,0.263,0.001,0.001,0.726,0.001,0.001,2,DISP,False,0.9902021300117924,0.48,184.0
20230310_65000/ECP_917_E_6998_EC_1874_204153796_data,1,683.0,832.0,ECa,1,685.6884765625,830.56201171875,0.027,0.001,0.157,0.002,0.002,0.001,0.806,0.002,0.001,2,DISP,False,0.9723056050755032,0.31,876.0
20230310_20000/E_10526_EC_691_E_12577_ECE_12017_14185779_data,1,316.0,385.0,ECa,1,311.850830078125,380.2537231445313,0.003,0.001,0.196,0.001,0.002,0.001,0.794,0.001,0.001,1,DISP,False,0.878393059185166,0.25,25.0
20230310_40000/ECP_50930_CE_5248_EC_1743_T_50958_170739263_data,1,496.0,579.0,ECa,1,487.2496337890625,587.714599609375,0.005,0.001,0.24,0.001,0.001,0.001,0.75,0.0,0.001,2,DISP,False,0.8261586446806779,0.77,86.0
20230310_45000/EC_2403_ECE_3873_EC_1198_EC_3062_173831960_data,1,611.0,727.0,ECa,1,631.8460693359375,726.0146484375,0.004,0.001,0.148,0.001,0.001,0.001,0.841,0.001,0.001,2,DISP,False,0.811798095703125,0.25,181.0
20230310_70000/E_1339_EC_1214_SR_204_ECP_10858_211334664_data,1,369.0,487.0,ECa,1,360.1517944335937,495.0466918945313,0.001,0.0,0.168,0.001,0.001,0.0,0.827,0.0,0.0,1,DISP,False,0.8747551035736546,0.52,85.0
20230310_80000/CE_3616_E_1790_EC_1818_T_50128_222316711_data,1,747.0,846.0,ECa,1,740.8649291992188,850.4657592773438,0.002,0.001,0.109,0.002,0.001,0.0,0.884,0.0,0.001,2,DISP,False,0.9032778303725568,0.53,381.0
20230310_65000/EC_1041_EC_2782_205344266_data,1,35.0,366.0,ECb,1,35.51884460449219,362.19146728515625,0.003,0.001,0.002,0.069,0.001,0.0,0.922,0.001,0.0,0,DISP,False,0.9869263525095592,0.6,164.0
20230310_65000/DISP_10842_E_782_EC_2744_EC_2688_202348745_data,1,126.0,271.0,DISP,1,134.52679443359375,272.3984069824219,0.007,0.001,0.763,0.0,0.001,0.001,0.227,0.0,0.001,0,ECa,False,0.932204170655987,0.66,129.0
20230310_30000/ECP_4218_EC_189_154725304_data,1,401.0,854.0,ECa,1,423.6377258300781,855.37548828125,0.024,0.001,0.074,0.002,0.001,0.0,0.896,0.001,0.0,1,DISP,False,0.9471511674140652,0.3,408.0
20230310_20000/SR_3681_EC_283_EC_2784_142345716_data,1,957.0,994.0,ECa,1,953.050537109375,993.316162109375,0.006,0.0,0.125,0.001,0.001,0.0,0.867,0.0,0.0,2,DISP,False,0.8868531977177471,0.61,408.0
20230310_70000/DISP_5416_CE_985_T_50533_20584242_data,1,100.0,236.0,DISP,1,100.58937072753906,237.4670562744141,0.011,0.002,0.0,0.866,0.001,0.001,0.117,0.0,0.001,0,ECb,False,0.9850405831208892,0.61,8.0
20230310_75000/EC_129_214712286_data,1,75.0,273.0,ECb,1,72.93037414550781,263.3258056640625,0.03,0.002,0.004,0.163,0.002,0.002,0.793,0.002,0.002,0,DISP,False,0.94130133377182,0.79,inf
20230310_65000/EC_2747_E_3808_202249110_data,1,169.0,362.0,ECa,1,170.58551025390625,357.37371826171875,0.001,0.0,0.091,0.001,0.001,0.0,0.904,0.0,0.0,0,DISP,False,0.9678145492632771,0.98,930.0
20230310_45000/SR_3007_E_5359_E_7764_175453256_data,1,627.0,850.0,E,1,628.0748901367188,847.2413940429688,0.003,0.092,0.027,0.054,0.002,0.0,0.818,0.003,0.001,2,DISP,False,0.9828094345571748,0.9,704.0
20230310_5000/E_11810_E_12685_DISP_12734_ECE_9375_120302393_data,1,575.0,699.0,DISP,1,574.822998046875,696.775146484375,0.006,0.002,0.801,0.0,0.001,0.004,0.184,0.001,0.001,2,ECa,False,0.9806578075571782,0.52,692.0
20230310_35000/DISP_1685_ECE_5077_EC_533_162728780_data,1,177.0,307.0,DISP,1,181.8038787841797,302.2973022460937,0.002,0.002,0.0,0.871,0.001,0.001,0.124,0.0,0.0,0,ECb,False,0.9268724881685692,0.89,117.0
20230310_15000/E_8341_E_11659_EC_3133_E_10543_133511377_data,1,606.0,660.0,ECa,1,607.6964111328125,659.62548828125,0.041,0.001,0.092,0.002,0.001,0.0,0.861,0.0,0.001,2,DISP,False,0.9616495768229166,0.21,353.0
20230310_65000/E_253_EC_1680_SR_1514_ECE_375_20221813_data,1,363.0,446.0,ECb,1,362.1812133789063,446.3980712890625,0.042,0.002,0.002,0.22,0.002,0.002,0.722,0.004,0.003,1,DISP,False,0.985550898711344,0.36,196.0
20230310_30000/ECP_9003_EC_2299_E_5046_ECE_1165_155212292_data,1,377.0,482.0,ECa,1,381.2663269042969,474.6882019042969,0.002,0.001,0.156,0.001,0.001,0.0,0.838,0.001,0.001,1,DISP,False,0.8897321428571429,0.82,742.0
20230310_25000/DISP_12679_CE_1308_EC_3404_DISP_12584_15090190_data,1,11.0,57.0,DISP,1,11.82796859741211,56.57542037963867,0.017,0.002,0.001,0.719,0.001,0.009,0.243,0.001,0.008,0,ECb,False,0.9727706909179688,0.46,155.0
20230310_35000/ECP_12688_ECE_4367_E_2698_EC_2817_161235298_data,1,823.0,924.0,ECa,1,825.0789794921875,923.1993408203124,0.006,0.002,0.222,0.001,0.001,0.0,0.766,0.001,0.001,3,DISP,False,0.9714887260210384,0.68,816.0
20230310_55000/SR_1347_E_5745_ECE_6137_19255683_data,1,280.0,526.0,E,1,278.7613220214844,527.2081909179688,0.003,0.108,0.021,0.045,0.001,0.0,0.818,0.002,0.001,1,DISP,False,0.9901513393694494,0.72,234.0
20230310_25000/EC_2565_DISP_11266_ECE_2599_E_6390_150613527_data,1,371.0,430.0,DISP,1,371.0540466308594,430.8674621582031,0.013,0.001,0.0,0.91,0.001,0.003,0.069,0.001,0.001,1,ECb,False,0.9846075187448674,0.73,106.0
20230310_35000/EC_1892_CE_4733_161726643_data,1,601.0,993.0,ECb,1,619.4097900390625,993.7230224609376,0.007,0.747,0.023,0.193,0.008,0.002,0.015,0.001,0.003,1,E,False,0.951281663142366,0.59,196.0
20230310_70000/E_5383_DISP_297_EC_1159_EC_2774_212258279_data,1,932.0,984.0,ECa,1,932.5562744140624,983.0174560546876,0.008,0.0,0.231,0.0,0.001,0.0,0.759,0.0,0.001,3,DISP,False,0.9704073392427928,0.55,658.0
20230310_35000/EC_1645_EC_3285_162425934_data,1,660.0,808.0,ECa,1,660.769287109375,806.74169921875,0.003,0.0,0.175,0.0,0.001,0.0,0.82,0.0,0.0,1,DISP,False,0.9863000818201012,0.3,908.0
20230310_35000/E_8550_ECP_11260_163857733_data,1,18.0,477.0,E,1,16.83502197265625,472.7401123046875,0.003,0.156,0.071,0.023,0.002,0.0,0.742,0.001,0.001,0,DISP,False,0.9882110417313552,0.99,244.0
20230310_35000/T_2187_EC_104_EC_203_EC_450_155724243_data,1,724.0,946.0,ECa,1,733.466552734375,944.462158203125,0.001,0.0,0.047,0.001,0.0,0.0,0.95,0.0,0.0,3,DISP,False,0.9504306552646395,0.62,584.0
20230310_20000/EC_1902_EC_179_SR_8_141911718_data,1,122.0,264.0,ECb,1,123.83583068847656,261.8690185546875,0.009,0.001,0.001,0.246,0.001,0.0,0.741,0.001,0.0,0,DISP,False,0.9720647032831756,0.81,193.0
20230310_65000/T_2428_EC_3167_EC_438_E_11455_201536739_data,1,463.0,592.0,ECa,1,459.96527099609375,593.5463256835938,0.001,0.0,0.131,0.001,0.001,0.0,0.864,0.0,0.0,2,DISP,False,0.9657058053762418,0.84,450.0
20230310_65000/CE_5578_203607680_data,1,345.0,986.0,ECb,1,345.8683166503906,995.666015625,0.002,0.742,0.054,0.114,0.009,0.001,0.076,0.001,0.002,0,E,False,0.9838099239511198,0.72,inf
20230310_65000/DISP_5169_CE_998_DISP_4767_204325424_data,1,178.0,315.0,DISP,1,181.25494384765625,316.7113342285156,0.018,0.004,0.0,0.815,0.001,0.001,0.158,0.001,0.001,0,ECb,False,0.9641970275623596,0.55,450.0
20230310_80000/ECE_1218_DISP_9929_ECE_6415_T_50420_222040928_data,1,441.0,556.0,DISP,1,442.306640625,554.2005615234375,0.009,0.002,0.0,0.745,0.001,0.002,0.239,0.001,0.001,1,ECb,False,0.9729906165081522,0.96,288.0
20230310_80000/T_4661_DISP_12917_CE_546_EC_343_22442920_data,1,711.0,812.0,ECb,1,709.4510498046875,816.637939453125,0.002,0.001,0.001,0.179,0.001,0.001,0.814,0.001,0.001,3,DISP,False,0.9422794180451556,0.71,718.0
20230310_75000/CE_1256_E_5332_EC_2298_EC_1818_215141132_data,1,859.0,938.0,ECb,1,856.5347290039062,938.2904663085938,0.016,0.001,0.001,0.273,0.001,0.001,0.705,0.001,0.001,3,DISP,False,0.9662930407633972,0.59,664.0
